[28Jul2025 21:01:28.569] [main/INFO] [cpw.mods.modlauncher.Launcher/MODLAUNCHER]: ModLauncher running: args [--launchTarget, forgeserver, --fml.forgeVersion, 47.4.0, --fml.mcVersion, 1.20.1, --fml.forgeGroup, net.minecraftforge, --fml.mcpVersion, 20230612.114412, nogui]
[28Jul2025 21:01:28.572] [main/INFO] [cpw.mods.modlauncher.Launcher/MODLAUNCHER]: ModLauncher 10.0.9+10.0.9+main.dcd20f30 starting: java version 21.0.8 by Ubuntu; OS Linux arch amd64 version 6.8.0-1030-azure
[28Jul2025 21:01:31.350] [main/INFO] [net.minecraftforge.fml.loading.ImmediateWindowHandler/]: ImmediateWindowProvider not loading because launch target is forgeserver
[28Jul2025 21:01:31.404] [main/INFO] [mixin/]: SpongePowered MIXIN Subsystem Version=0.8.5 Source=union:/workspaces/SERVER-PRO12/servidor_minecraft/libraries/org/spongepowered/mixin/0.8.5/mixin-0.8.5.jar%2365!/ Service=ModLauncher Env=SERVER
[28Jul2025 21:01:31.823] [main/WARN] [net.minecraftforge.fml.loading.moddiscovery.ModFileParser/LOADING]: Mod file /workspaces/SERVER-PRO12/servidor_minecraft/libraries/net/minecraftforge/fmlcore/1.20.1-47.4.0/fmlcore-1.20.1-47.4.0.jar is missing mods.toml file
[28Jul2025 21:01:31.825] [main/WARN] [net.minecraftforge.fml.loading.moddiscovery.ModFileParser/LOADING]: Mod file /workspaces/SERVER-PRO12/servidor_minecraft/libraries/net/minecraftforge/javafmllanguage/1.20.1-47.4.0/javafmllanguage-1.20.1-47.4.0.jar is missing mods.toml file
[28Jul2025 21:01:31.826] [main/WARN] [net.minecraftforge.fml.loading.moddiscovery.ModFileParser/LOADING]: Mod file /workspaces/SERVER-PRO12/servidor_minecraft/libraries/net/minecraftforge/lowcodelanguage/1.20.1-47.4.0/lowcodelanguage-1.20.1-47.4.0.jar is missing mods.toml file
[28Jul2025 21:01:31.827] [main/WARN] [net.minecraftforge.fml.loading.moddiscovery.ModFileParser/LOADING]: Mod file /workspaces/SERVER-PRO12/servidor_minecraft/libraries/net/minecraftforge/mclanguage/1.20.1-47.4.0/mclanguage-1.20.1-47.4.0.jar is missing mods.toml file
[28Jul2025 21:01:32.219] [main/WARN] [net.minecraftforge.jarjar.selection.JarSelector/]: Attempted to select two dependency jars from JarJar which have the same identification: Mod File:  and Mod File: . Using Mod File: 
[28Jul2025 21:01:32.221] [main/WARN] [net.minecraftforge.jarjar.selection.JarSelector/]: Attempted to select a dependency jar for JarJar which was passed in as source: aeroblender. Using Mod File: /workspaces/SERVER-PRO12/servidor_minecraft/mods/aeroblender-1.20.1-1.0.1-neoforge.jar
[28Jul2025 21:01:32.221] [main/WARN] [net.minecraftforge.jarjar.selection.JarSelector/]: Attempted to select a dependency jar for JarJar which was passed in as source: curios. Using Mod File: /workspaces/SERVER-PRO12/servidor_minecraft/mods/curios-forge-5.14.1+1.20.1.jar
[28Jul2025 21:01:32.221] [main/INFO] [net.minecraftforge.fml.loading.moddiscovery.JarInJarDependencyLocator/]: Found 16 dependencies adding them to mods collection
[28Jul2025 21:01:35.339] [main/INFO] [mixin/]: Compatibility level set to JAVA_17
[28Jul2025 21:01:35.477] [main/ERROR] [mixin/]: Mixin config azurelib.mixins.json does not specify "minVersion" property
[28Jul2025 21:01:35.479] [main/ERROR] [mixin/]: Mixin config azurelib.forge.mixins.json does not specify "minVersion" property
[28Jul2025 21:01:35.570] [main/INFO] [mixin/]: Successfully loaded Mixin Connector [de.maxhenkel.tradecycling.MixinConnector]
[28Jul2025 21:01:35.572] [main/INFO] [cpw.mods.modlauncher.LaunchServiceHandler/MODLAUNCHER]: Launching target 'forgeserver' with arguments [nogui]
[28Jul2025 21:01:35.677] [main/INFO] [ModernFix/]: Loaded configuration file for ModernFix 5.24.3+mc1.20.1: 96 options available, 1 override(s) found
[28Jul2025 21:01:35.677] [main/WARN] [ModernFix/]: Option 'mixin.bugfix.chunk_deadlock' overriden (by mods [dimthread]) to 'false'
[28Jul2025 21:01:35.678] [main/INFO] [ModernFix/]: Applying Nashorn fix
[28Jul2025 21:01:35.696] [main/INFO] [ModernFix/]: Applied Forge config corruption patch
[28Jul2025 21:01:36.163] [main/INFO] [portb.transformerlib.TransformerLib/]: Loaded transformer transformers/vanilla.xml
[28Jul2025 21:01:36.167] [main/INFO] [portb.transformerlib.TransformerLib/]: Loaded transformer transformers/gregtechmodernce.xml
[28Jul2025 21:01:36.169] [main/INFO] [portb.transformerlib.TransformerLib/]: Loaded transformer transformers/simpletomb.xml
[28Jul2025 21:01:36.173] [main/INFO] [portb.transformerlib.TransformerLib/]: Loaded transformer transformers/assortedstorage.xml
[28Jul2025 21:01:36.174] [main/INFO] [portb.transformerlib.TransformerLib/]: Loaded transformer transformers/refinedstorage.xml
[28Jul2025 21:01:36.177] [main/INFO] [portb.transformerlib.TransformerLib/]: Loaded transformer transformers/ic2.xml
[28Jul2025 21:01:36.179] [main/INFO] [portb.transformerlib.TransformerLib/]: Loaded transformer transformers/computercraft.xml
[28Jul2025 21:01:36.183] [main/INFO] [portb.transformerlib.TransformerLib/]: Loaded transformer transformers/sophisticated_core.xml
[28Jul2025 21:01:36.186] [main/INFO] [portb.transformerlib.TransformerLib/]: Loaded transformer transformers/mekanism.xml
[28Jul2025 21:01:36.187] [main/INFO] [portb.transformerlib.TransformerLib/]: Loaded transformer transformers/puzzlesapi.xml
[28Jul2025 21:01:36.188] [main/INFO] [portb.transformerlib.TransformerLib/]: Loaded transformer transformers/ironfurnaces.xml
[28Jul2025 21:01:36.247] [main/WARN] [mixin/]: Reference map 'nitrogen_internals.refmap.json' for nitrogen_internals.mixins.json could not be read. If this is a development environment you can ignore this message
[28Jul2025 21:01:36.255] [main/WARN] [mixin/]: Reference map 'limitedchunks.refmap.json' for limitedchunks.mixins.json could not be read. If this is a development environment you can ignore this message
[28Jul2025 21:01:36.297] [main/WARN] [mixin/]: Reference map 'coroutil.refmap.json' for coroutil.mixins.json could not be read. If this is a development environment you can ignore this message
[28Jul2025 21:01:36.327] [main/WARN] [mixin/]: Reference map 'Aquamirae.refmap.json' for aquamirae.mixins.json could not be read. If this is a development environment you can ignore this message
[28Jul2025 21:01:36.835] [main/INFO] [net.minecraftforge.coremod.CoreMod.placebo/COREMODLOG]: Patching IForgeItemStack#getEnchantmentLevel
[28Jul2025 21:01:36.848] [main/INFO] [net.minecraftforge.coremod.CoreMod.placebo/COREMODLOG]: Patching IForgeItemStack#getEnchantmentLevel
[28Jul2025 21:01:37.158] [main/ERROR] [net.minecraftforge.fml.loading.RuntimeDistCleaner/DISTXFORM]: Attempted to load class net/minecraft/client/gui/screens/Screen for invalid dist DEDICATED_SERVER
[28Jul2025 21:01:37.159] [main/WARN] [mixin/]: Error loading class: net/minecraft/client/gui/screens/Screen (java.lang.RuntimeException: Attempted to load class net/minecraft/client/gui/screens/Screen for invalid dist DEDICATED_SERVER)
[28Jul2025 21:01:37.159] [main/WARN] [mixin/]: @Mixin target net.minecraft.client.gui.screens.Screen was not found relics.mixins.json:ScreenMixin
[28Jul2025 21:01:37.644] [main/WARN] [mixin/]: Error loading class: net/minecraft/client/model/geom/builders/LayerDefinition (java.lang.ClassNotFoundException: net.minecraft.client.model.geom.builders.LayerDefinition)
[28Jul2025 21:01:37.645] [main/WARN] [mixin/]: @Mixin target net.minecraft.client.model.geom.builders.LayerDefinition was not found aether_protect_your_moa.mixins.json:client.accessor.LayerDefinitionAccessor
[28Jul2025 21:01:38.141] [main/ERROR] [net.minecraftforge.fml.loading.RuntimeDistCleaner/DISTXFORM]: Attempted to load class net/minecraft/client/gui/Gui for invalid dist DEDICATED_SERVER
[28Jul2025 21:01:38.143] [main/WARN] [mixin/]: Error loading class: net/minecraft/client/gui/Gui (java.lang.RuntimeException: Attempted to load class net/minecraft/client/gui/Gui for invalid dist DEDICATED_SERVER)
[28Jul2025 21:01:38.143] [main/WARN] [mixin/]: @Mixin target net.minecraft.client.gui.Gui was not found mixins.prehistoricfauna.json:GuiMixin
[28Jul2025 21:01:38.336] [main/WARN] [mixin/]: Error loading class: com/aetherteam/aether_genesis/block/natural/GreenAercloudBlock (java.lang.ClassNotFoundException: com.aetherteam.aether_genesis.block.natural.GreenAercloudBlock)
[28Jul2025 21:01:38.336] [main/WARN] [mixin/]: @Mixin target com.aetherteam.aether_genesis.block.natural.GreenAercloudBlock was not found aether_redux.mixins.json:common.block.GreenAercloudBlockMixin
[28Jul2025 21:01:38.345] [main/WARN] [mixin/]: Error loading class: com/aetherteam/aether_genesis/block/natural/OrangeTreeBlock (java.lang.ClassNotFoundException: com.aetherteam.aether_genesis.block.natural.OrangeTreeBlock)
[28Jul2025 21:01:38.345] [main/WARN] [mixin/]: @Mixin target com.aetherteam.aether_genesis.block.natural.OrangeTreeBlock was not found aether_redux.mixins.json:common.block.OrangeTreeMixin
[28Jul2025 21:01:38.350] [main/WARN] [mixin/]: Error loading class: com/aetherteam/aether_genesis/block/natural/PurpleAercloudBlock (java.lang.ClassNotFoundException: com.aetherteam.aether_genesis.block.natural.PurpleAercloudBlock)
[28Jul2025 21:01:38.350] [main/WARN] [mixin/]: @Mixin target com.aetherteam.aether_genesis.block.natural.PurpleAercloudBlock was not found aether_redux.mixins.json:common.block.PurpleAercloudBlockMixin
[28Jul2025 21:01:38.636] [main/ERROR] [net.minecraftforge.fml.loading.RuntimeDistCleaner/DISTXFORM]: Attempted to load class com/mojang/blaze3d/vertex/VertexFormat$Mode for invalid dist DEDICATED_SERVER
[28Jul2025 21:01:38.637] [main/WARN] [mixin/]: Error loading class: com/mojang/blaze3d/vertex/VertexFormat$Mode (java.lang.RuntimeException: Attempted to load class com/mojang/blaze3d/vertex/VertexFormat$Mode for invalid dist DEDICATED_SERVER)
[28Jul2025 21:01:38.741] [Thread-0/INFO] [STDERR/]: [java.lang.ThreadGroup:uncaughtException:698]: java.util.ConcurrentModificationException
[28Jul2025 21:01:38.742] [Thread-0/INFO] [STDERR/]: [java.lang.ThreadGroup:uncaughtException:698]: 	at java.base/java.util.HashMap$HashIterator.nextNode(HashMap.java:1605)
[28Jul2025 21:01:38.742] [Thread-0/INFO] [STDERR/]: [java.lang.ThreadGroup:uncaughtException:698]: 	at java.base/java.util.HashMap$ValueIterator.next(HashMap.java:1633)
[28Jul2025 21:01:38.742] [Thread-0/INFO] [STDERR/]: [java.lang.ThreadGroup:uncaughtException:698]: 	at MC-BOOTSTRAP/cpw.mods.modlauncher@10.0.9/cpw.mods.modlauncher.LaunchPluginHandler.computeLaunchPluginTransformerSet(LaunchPluginHandler.java:68)
[28Jul2025 21:01:38.742] [Thread-0/INFO] [STDERR/]: [java.lang.ThreadGroup:uncaughtException:698]: 	at MC-BOOTSTRAP/cpw.mods.modlauncher@10.0.9/cpw.mods.modlauncher.ClassTransformer.transform(ClassTransformer.java:64)
[28Jul2025 21:01:38.742] [Thread-0/INFO] [STDERR/]: [java.lang.ThreadGroup:uncaughtException:698]: 	at MC-BOOTSTRAP/cpw.mods.modlauncher@10.0.9/cpw.mods.modlauncher.TransformingClassLoader.maybeTransformClassBytes(TransformingClassLoader.java:50)
[28Jul2025 21:01:38.743] [Thread-0/INFO] [STDERR/]: [java.lang.ThreadGroup:uncaughtException:698]: 	at cpw.mods.securejarhandler/cpw.mods.cl.ModuleClassLoader.readerToClass(ModuleClassLoader.java:113)
[28Jul2025 21:01:38.743] [Thread-0/INFO] [STDERR/]: [java.lang.ThreadGroup:uncaughtException:698]: 	at cpw.mods.securejarhandler/cpw.mods.cl.ModuleClassLoader.lambda$findClass$15(ModuleClassLoader.java:219)
[28Jul2025 21:01:38.744] [Thread-0/INFO] [STDERR/]: [java.lang.ThreadGroup:uncaughtException:698]: 	at cpw.mods.securejarhandler/cpw.mods.cl.ModuleClassLoader.loadFromModule(ModuleClassLoader.java:229)
[28Jul2025 21:01:38.744] [Thread-0/INFO] [STDERR/]: [java.lang.ThreadGroup:uncaughtException:698]: 	at cpw.mods.securejarhandler/cpw.mods.cl.ModuleClassLoader.findClass(ModuleClassLoader.java:219)
[28Jul2025 21:01:38.744] [Thread-0/INFO] [STDERR/]: [java.lang.ThreadGroup:uncaughtException:698]: 	at cpw.mods.securejarhandler/cpw.mods.cl.ModuleClassLoader.loadClass(ModuleClassLoader.java:135)
[28Jul2025 21:01:38.744] [Thread-0/INFO] [STDERR/]: [java.lang.ThreadGroup:uncaughtException:698]: 	at java.base/java.lang.ClassLoader.loadClass(ClassLoader.java:526)
[28Jul2025 21:01:38.746] [Thread-0/INFO] [STDERR/]: [java.lang.ThreadGroup:uncaughtException:698]: 	at TRANSFORMER/modernfix@5.24.3+mc1.20.1/org.embeddedt.modernfix.forge.config.NightConfigWatchThrottler$1.values(NightConfigWatchThrottler.java:37)
[28Jul2025 21:01:38.746] [Thread-0/INFO] [STDERR/]: [java.lang.ThreadGroup:uncaughtException:698]: 	at MC-BOOTSTRAP/com.electronwill.nightconfig.core@3.6.4/com.electronwill.nightconfig.core.file.FileWatcher$WatcherThread.run(FileWatcher.java:162)
[28Jul2025 21:01:38.753] [main/INFO] [MixinExtras|Service/]: Initializing MixinExtras via com.llamalad7.mixinextras.service.MixinExtrasServiceImpl(version=0.4.1).
[28Jul2025 21:01:39.629] [main/INFO] [net.minecraft.server.Bootstrap/]: ModernFix reached bootstrap stage (13.81 s after launch)
[28Jul2025 21:01:39.789] [main/WARN] [mixin/]: @Final field delegatesByName:Ljava/util/Map; in modernfix-forge.mixins.json:perf.forge_registry_alloc.ForgeRegistryMixin should be final
[28Jul2025 21:01:39.790] [main/WARN] [mixin/]: @Final field delegatesByValue:Ljava/util/Map; in modernfix-forge.mixins.json:perf.forge_registry_alloc.ForgeRegistryMixin should be final
[28Jul2025 21:01:40.672] [main/INFO] [net.minecraftforge.coremod.CoreMod.placebo/COREMODLOG]: Patching IForgeItemStack#getEnchantmentLevel
[28Jul2025 21:01:40.674] [main/INFO] [net.minecraftforge.coremod.CoreMod.placebo/COREMODLOG]: Patching IForgeItemStack#getEnchantmentLevel
[28Jul2025 21:01:42.290] [main/INFO] [net.minecraft.server.Bootstrap/]: Vanilla bootstrap took 2656 milliseconds
[28Jul2025 21:01:43.105] [main/INFO] [net.minecraftforge.coremod.CoreMod.placebo/COREMODLOG]: Patching IForgeItemStack#getEnchantmentLevel
[28Jul2025 21:01:43.106] [main/INFO] [net.minecraftforge.coremod.CoreMod.placebo/COREMODLOG]: Patching IForgeItemStack#getEnchantmentLevel
[28Jul2025 21:01:45.569] [main/WARN] [mixin/]: Mixin alexscaves.mixins.json:SwampHutPieceMixin has multiple constructors, (Lnet/minecraft/world/level/levelgen/structure/pieces/StructurePieceType;IIIIIILnet/minecraft/core/Direction;)V was selected

[28Jul2025 21:01:45.715] [main/WARN] [mixin/]: Static binding violation: PRIVATE @Overwrite method m_47505_ in modernfix-common.mixins.json:perf.remove_biome_temperature_cache.BiomeMixin cannot reduce visibiliy of PUBLIC target method, visibility will be upgraded.
[28Jul2025 21:01:46.471] [modloading-worker-0/INFO] [info.u_team.u_team_core.util.verify.JarSignVerifier/]: Mod uteamcore is signed with a valid certificate.
[28Jul2025 21:01:46.911] [modloading-worker-0/INFO] [info.u_team.u_team_core.util.verify.JarSignVerifier/]: Mod usefulbackpacks is signed with a valid certificate.
[28Jul2025 21:01:46.988] [modloading-worker-0/INFO] [STDOUT/]: [io.github.kosmx.bendylib.forge.ForgeModInterface:<init>:18]: [bendy-lib] You're loading a client-only mod on server-side
[28Jul2025 21:01:46.990] [modloading-worker-0/INFO] [STDOUT/]: [io.github.kosmx.bendylib.forge.ForgeModInterface:<init>:19]: [bendy-lib] Most likely it won't be a problem
[28Jul2025 21:01:47.434] [modloading-worker-0/INFO] [com.aetherteam.cumulus.Cumulus/]: Disabling Cumulus as it is on server.
[28Jul2025 21:01:47.492] [modloading-worker-0/INFO] [Spartan Weaponry/]: Constructing Mod: Spartan Weaponry
[28Jul2025 21:01:47.499] [modloading-worker-0/INFO] [Spartan Weaponry/]: Initialising API! Version: 11
[28Jul2025 21:01:47.500] [modloading-worker-0/INFO] [Spartan Weaponry/]: Spartan Weaponry API version 11 has been initalized!
[28Jul2025 21:01:47.772] [modloading-worker-0/INFO] [dev.architectury.networking.forge.NetworkManagerImpl/]: Registering C2S receiver with id architectury:sync_ids
[28Jul2025 21:01:47.794] [modloading-worker-0/INFO] [com.cupboard.Cupboard/]: Loaded config for: cupboard.json
[28Jul2025 21:01:47.925] [modloading-worker-0/INFO] [teamrazor.deepaether.DeepAether/]: Deep Aether: Registering Aether Lost Content compat items
[28Jul2025 21:01:47.927] [modloading-worker-0/INFO] [teamrazor.deepaether.DeepAether/]: Deep Aether: Registering Aether Lost Content compat items
[28Jul2025 21:01:47.927] [modloading-worker-0/INFO] [teamrazor.deepaether.DeepAether/]: Deep Aether: Registering Protect Your Moa compat items
[28Jul2025 21:01:48.021] [modloading-worker-0/INFO] [teamrazor.deepaether.DeepAether/]: Deep Aether: Registering Aether Redux compat blocks
[28Jul2025 21:01:48.021] [modloading-worker-0/INFO] [teamrazor.deepaether.DeepAether/]: Deep Aether: Registering Aether Redux compat blocks
[28Jul2025 21:01:48.022] [modloading-worker-0/INFO] [teamrazor.deepaether.DeepAether/]: Deep Aether: Registering Aether Redux compat blocks
[28Jul2025 21:01:48.022] [modloading-worker-0/INFO] [teamrazor.deepaether.DeepAether/]: Deep Aether: Registering Aether Redux compat blocks
[28Jul2025 21:01:48.023] [modloading-worker-0/INFO] [teamrazor.deepaether.DeepAether/]: Deep Aether: Registering Aether Redux compat blocks
[28Jul2025 21:01:48.023] [modloading-worker-0/INFO] [teamrazor.deepaether.DeepAether/]: Deep Aether: Registering Aether Redux compat blocks
[28Jul2025 21:01:48.024] [modloading-worker-0/INFO] [teamrazor.deepaether.DeepAether/]: Deep Aether: Registering Aether Redux compat blocks
[28Jul2025 21:01:48.024] [modloading-worker-0/INFO] [teamrazor.deepaether.DeepAether/]: Deep Aether: Registering Aether Redux compat blocks
[28Jul2025 21:01:48.025] [modloading-worker-0/INFO] [teamrazor.deepaether.DeepAether/]: Deep Aether: Registering Aether Redux compat blocks
[28Jul2025 21:01:48.025] [modloading-worker-0/INFO] [teamrazor.deepaether.DeepAether/]: Deep Aether: Registering Aether Redux compat blocks
[28Jul2025 21:01:48.026] [modloading-worker-0/INFO] [teamrazor.deepaether.DeepAether/]: Deep Aether: Registering Aether Redux compat blocks
[28Jul2025 21:01:48.027] [modloading-worker-0/INFO] [teamrazor.deepaether.DeepAether/]: Deep Aether: Registering Aether Redux compat blocks
[28Jul2025 21:01:48.027] [modloading-worker-0/INFO] [teamrazor.deepaether.DeepAether/]: Deep Aether: Registering Aether Redux compat blocks
[28Jul2025 21:01:48.027] [modloading-worker-0/INFO] [teamrazor.deepaether.DeepAether/]: Deep Aether: Registering Aether Redux compat blocks
[28Jul2025 21:01:48.028] [modloading-worker-0/INFO] [teamrazor.deepaether.DeepAether/]: Deep Aether: Registering Aether Redux compat blocks
[28Jul2025 21:01:48.029] [modloading-worker-0/INFO] [teamrazor.deepaether.DeepAether/]: Deep Aether: Registering Aether Redux compat blocks
[28Jul2025 21:01:48.293] [modloading-worker-0/ERROR] [net.minecraftforge.eventbus.EventSubclassTransformer/EVENTBUS]: Could not find parent net/minecraft/client/renderer/entity/layers/RenderLayer for class com/obscuria/obscureapi/client/renderer/PatreonLayer in classloader cpw.mods.modlauncher.TransformingClassLoader@440ef8d on thread Thread[#34,modloading-worker-0,5,main]
[28Jul2025 21:01:48.293] [modloading-worker-0/ERROR] [net.minecraftforge.eventbus.EventSubclassTransformer/EVENTBUS]: An error occurred building event handler
java.lang.ClassNotFoundException: net.minecraft.client.renderer.entity.layers.RenderLayer
	at cpw.mods.cl.ModuleClassLoader.loadClass(ModuleClassLoader.java:141) ~[securejarhandler-2.1.10.jar:?]
	at java.lang.ClassLoader.loadClass(ClassLoader.java:526) ~[?:?]
	at net.minecraftforge.eventbus.EventSubclassTransformer.buildEvents(EventSubclassTransformer.java:97) ~[eventbus-6.0.5.jar%2352!/:?]
	at net.minecraftforge.eventbus.EventSubclassTransformer.transform(EventSubclassTransformer.java:48) ~[eventbus-6.0.5.jar%2352!/:?]
	at net.minecraftforge.eventbus.EventBusEngine.processClass(EventBusEngine.java:26) ~[eventbus-6.0.5.jar%2352!/:?]
	at net.minecraftforge.eventbus.service.ModLauncherService.processClassWithFlags(ModLauncherService.java:32) ~[eventbus-6.0.5.jar%2352!/:6.0.5+6.0.5+master.eb8e549b]
	at cpw.mods.modlauncher.LaunchPluginHandler.offerClassNodeToPlugins(LaunchPluginHandler.java:88) ~[modlauncher-10.0.9.jar%2355!/:?]
	at cpw.mods.modlauncher.ClassTransformer.transform(ClassTransformer.java:120) ~[modlauncher-10.0.9.jar%2355!/:?]
	at cpw.mods.modlauncher.TransformingClassLoader.maybeTransformClassBytes(TransformingClassLoader.java:50) ~[modlauncher-10.0.9.jar%2355!/:?]
	at cpw.mods.cl.ModuleClassLoader.readerToClass(ModuleClassLoader.java:113) ~[securejarhandler-2.1.10.jar:?]
	at cpw.mods.cl.ModuleClassLoader.lambda$findClass$15(ModuleClassLoader.java:219) ~[securejarhandler-2.1.10.jar:?]
	at cpw.mods.cl.ModuleClassLoader.loadFromModule(ModuleClassLoader.java:229) ~[securejarhandler-2.1.10.jar:?]
	at cpw.mods.cl.ModuleClassLoader.findClass(ModuleClassLoader.java:219) ~[securejarhandler-2.1.10.jar:?]
	at cpw.mods.cl.ModuleClassLoader.loadClass(ModuleClassLoader.java:135) ~[securejarhandler-2.1.10.jar:?]
	at java.lang.ClassLoader.loadClass(ClassLoader.java:526) ~[?:?]
	at java.lang.ClassLoader.defineClass0(Native Method) ~[?:?]
	at java.lang.System$2.defineClass(System.java:2394) ~[?:?]
	at java.lang.invoke.MethodHandles$Lookup$ClassDefiner.defineClass(MethodHandles.java:2505) ~[?:?]
	at java.lang.invoke.InnerClassLambdaMetafactory.generateInnerClass(InnerClassLambdaMetafactory.java:361) ~[?:?]
	at java.lang.invoke.InnerClassLambdaMetafactory.spinInnerClass(InnerClassLambdaMetafactory.java:286) ~[?:?]
	at java.lang.invoke.InnerClassLambdaMetafactory.buildCallSite(InnerClassLambdaMetafactory.java:221) ~[?:?]
	at java.lang.invoke.LambdaMetafactory.metafactory(LambdaMetafactory.java:341) ~[?:?]
	at java.lang.invoke.BootstrapMethodInvoker.invoke(BootstrapMethodInvoker.java:134) ~[?:?]
	at java.lang.invoke.CallSite.makeSite(CallSite.java:316) ~[?:?]
	at java.lang.invoke.MethodHandleNatives.linkCallSiteImpl(MethodHandleNatives.java:274) ~[?:?]
	at java.lang.invoke.MethodHandleNatives.linkCallSite(MethodHandleNatives.java:264) ~[?:?]
	at com.obscuria.obscureapi.client.renderer.PatreonLayer$Mode.<clinit>(PatreonLayer.java:55) ~[obscure_api-15.jar%23282!/:com.obscuria]
	at com.obscuria.obscureapi.ObscureAPIConfig$Client.<clinit>(ObscureAPIConfig.java:28) ~[obscure_api-15.jar%23282!/:com.obscuria]
	at com.obscuria.obscureapi.ObscureAPIConfig.register(ObscureAPIConfig.java:46) ~[obscure_api-15.jar%23282!/:com.obscuria]
	at com.obscuria.obscureapi.ObscureAPI.<init>(ObscureAPI.java:69) ~[obscure_api-15.jar%23282!/:com.obscuria]
	at jdk.internal.reflect.DirectConstructorHandleAccessor.newInstance(DirectConstructorHandleAccessor.java:62) ~[?:?]
	at java.lang.reflect.Constructor.newInstanceWithCaller(Constructor.java:502) ~[?:?]
	at java.lang.reflect.Constructor.newInstance(Constructor.java:486) ~[?:?]
	at net.minecraftforge.fml.javafmlmod.FMLModContainer.constructMod(FMLModContainer.java:77) ~[javafmllanguage-1.20.1-47.4.0.jar%23325!/:?]
	at net.minecraftforge.fml.ModContainer.lambda$buildTransitionHandler$5(ModContainer.java:126) ~[fmlcore-1.20.1-47.4.0.jar%23324!/:?]
	at java.util.concurrent.CompletableFuture$AsyncRun.run(CompletableFuture.java:1804) ~[?:?]
	at java.util.concurrent.CompletableFuture$AsyncRun.exec(CompletableFuture.java:1796) ~[?:?]
	at java.util.concurrent.ForkJoinTask.doExec(ForkJoinTask.java:387) ~[?:?]
	at java.util.concurrent.ForkJoinPool$WorkQueue.topLevelExec(ForkJoinPool.java:1312) ~[?:?]
	at java.util.concurrent.ForkJoinPool.scan(ForkJoinPool.java:1843) ~[?:?]
	at java.util.concurrent.ForkJoinPool.runWorker(ForkJoinPool.java:1808) ~[?:?]
	at java.util.concurrent.ForkJoinWorkerThread.run(ForkJoinWorkerThread.java:188) ~[?:?]
[28Jul2025 21:01:48.295] [modloading-worker-0/ERROR] [net.minecraftforge.fml.loading.RuntimeDistCleaner/DISTXFORM]: Attempted to load class com/obscuria/obscureapi/client/renderer/PatreonLayer for invalid dist DEDICATED_SERVER
[28Jul2025 21:01:48.362] [modloading-worker-0/INFO] [STDOUT/]: [com.tiviacz.travelersbackpack.TravelersBackpack:readOldCommonConfig:178]: curiosIntegration not found in the [common.backpackSettings] section.
[28Jul2025 21:01:48.919] [modloading-worker-0/INFO] [azurelib/FileWatching]: Registered azurelib config for auto-sync function
[28Jul2025 21:01:48.922] [modloading-worker-0/INFO] [coroutil/]: forge loader environment detected
[28Jul2025 21:01:48.930] [modloading-worker-0/INFO] [net.minecraftforge.common.ForgeMod/FORGEMOD]: Forge mod loading, version 47.4.0, for MC 1.20.1 with MCP 20230612.114412
[28Jul2025 21:01:48.930] [modloading-worker-0/INFO] [net.minecraftforge.common.MinecraftForge/FORGE]: MinecraftForge v47.4.0 Initialized
[28Jul2025 21:01:50.799] [modloading-worker-0/INFO] [necronomicon/]: Necronomicon Initialized
[28Jul2025 21:01:50.805] [modloading-worker-0/INFO] [necronomicon/]: File exists, reading config for elocindev.necronomicon.NecronomiconConfig.
[28Jul2025 21:01:50.812] [modloading-worker-0/INFO] [necronomicon/]: Config for elocindev.necronomicon.NecronomiconConfig read successfully.
[28Jul2025 21:01:51.292] [modloading-worker-0/INFO] [Spartan Shields/]: Constructing Mod: Spartan Shields
[28Jul2025 21:01:52.335] [modloading-worker-0/ERROR] [io.redspace.ironsspellbooks.IronsSpellbooks/]: SpellDiscovery:  net.acetheeldritchking.cataclysm_spellbooks.entity.mobs.SummonedAmethystCrab, java.lang.ClassCastException: class net.acetheeldritchking.cataclysm_spellbooks.entity.mobs.SummonedAmethystCrab
[28Jul2025 21:01:52.367] [modloading-worker-0/INFO] [STDOUT/]: [com.enderio.core.EnderCore:onConstruct:25]: ================ Core construct ==================
[28Jul2025 21:01:52.371] [modloading-worker-0/INFO] [STDOUT/]: [com.enderio.conduits.EIOConduits:onConstruct:30]: ================ Conduits construct ==================
[28Jul2025 21:01:52.500] [modloading-worker-0/INFO] [ModernFix/]: Bypassed Mojang DFU
[28Jul2025 21:01:52.501] [modloading-worker-0/INFO] [ModernFix/]: Instantiating Mojang DFU
[28Jul2025 21:01:58.196] [main/INFO] [ModdingLegacy/StructureGel/]: [structure_gel] Registering data for structure_gel:loot_table_alias
[28Jul2025 21:01:58.203] [main/INFO] [ModdingLegacy/StructureGel/]: [structure_gel] Registering data for structure_gel:data_handler_type
[28Jul2025 21:01:58.204] [main/INFO] [ModdingLegacy/StructureGel/]: [structure_gel] Registering data for structure_gel:dynamic_spawner
[28Jul2025 21:01:58.206] [main/INFO] [ModdingLegacy/StructureGel/]: [structure_gel] Registering data for structure_gel:jigsaw_type
[28Jul2025 21:01:58.450] [main/WARN] [net.minecraft.network.syncher.SynchedEntityData/]: defineId called for: class net.mcreator.borninchaosv.entity.BabySpiderEntity from class net.mcreator.borninchaosv.entity.MotherSpiderEntity
[28Jul2025 21:01:58.458] [main/WARN] [net.minecraft.network.syncher.SynchedEntityData/]: defineId called for: class com.github.alexmodguy.alexscaves.server.entity.living.TremorzillaEntity from class com.github.alexmodguy.alexscaves.server.entity.living.LicowitchEntity
[28Jul2025 21:01:58.975] [main/WARN] [net.minecraftforge.common.ForgeConfigSpec/CORE]: Configuration file /workspaces/SERVER-PRO12/servidor_minecraft/config/unusualprehistory-common.toml is not correct. Correcting
[28Jul2025 21:01:58.977] [main/WARN] [net.minecraftforge.common.ForgeConfigSpec/CORE]: Incorrect key brachi_sound_volume was corrected from 3.0 to its default, 3.0. 
[28Jul2025 21:01:58.977] [main/WARN] [net.minecraftforge.common.ForgeConfigSpec/CORE]: Incorrect key brachi_teen_sound_volume was corrected from 1.5 to its default, 1.5. 
[28Jul2025 21:01:58.978] [main/WARN] [net.minecraftforge.common.ForgeConfigSpec/CORE]: Incorrect key rex_sound_volume was corrected from 0.5 to its default, 0.5. 
[28Jul2025 21:01:58.981] [main/INFO] [Spartan Shields/]: Loading config spartanshields-common.toml
[28Jul2025 21:01:59.142] [modloading-worker-0/INFO] [com.connectivity.Connectivity/]: Connectivity initialized
[28Jul2025 21:01:59.288] [modloading-worker-0/INFO] [Spartan Weaponry/]: Setting up Spartan Weaponry!
[28Jul2025 21:01:59.335] [modloading-worker-0/INFO] [com.limitedchunks.LimitedChunks/]: Limited chunkloading initialized
[28Jul2025 21:01:59.343] [modloading-worker-0/INFO] [mekanism.common.Mekanism/]: Version 10.4.16 initializing...
[28Jul2025 21:01:59.382] [modloading-worker-0/INFO] [com.farsight.FarsightMod/]: farsight_view mod initialized
[28Jul2025 21:01:59.399] [modloading-worker-0/INFO] [mekanism.common.Mekanism/]: Fake player readout: UUID = 46e82cd0-d480-3d48-800a-77431ede078e, name = [Mekanism]
[28Jul2025 21:01:59.399] [modloading-worker-0/INFO] [mekanism.common.Mekanism/]: Mod loaded.
[28Jul2025 21:01:59.406] [Forge Version Check/INFO] [net.minecraftforge.fml.VersionChecker/]: [aether] Starting version check at https://github.com/The-Aether-Team/The-Aether/raw/1.20.1-develop/update.json
[28Jul2025 21:01:59.472] [modloading-worker-0/INFO] [STDOUT/]: [teamrazor.aeroblender.Aeroblender:commonSetup:41]: THE_AETHER
[28Jul2025 21:01:59.472] [modloading-worker-0/INFO] [STDOUT/]: [teamrazor.aeroblender.Aeroblender:commonSetup:42]: [OVERWORLD, NETHER, THE_AETHER]
[28Jul2025 21:01:59.473] [modloading-worker-0/INFO] [STDOUT/]: [teamrazor.aeroblender.Aeroblender:commonSetup:43]: THE_AETHER
[28Jul2025 21:01:59.474] [modloading-worker-0/INFO] [STDOUT/]: [teamrazor.aeroblender.Aeroblender:commonSetup:45]: THE_AETHER
[28Jul2025 21:01:59.474] [modloading-worker-0/INFO] [STDOUT/]: [teamrazor.aeroblender.Aeroblender:commonSetup:46]: [OVERWORLD, NETHER, THE_AETHER]
[28Jul2025 21:01:59.474] [modloading-worker-0/INFO] [STDOUT/]: [teamrazor.aeroblender.Aeroblender:commonSetup:47]: THE_AETHER
[28Jul2025 21:01:59.486] [modloading-worker-0/INFO] [Spartan Shields/]: Setting up Spartan Shields!
[28Jul2025 21:01:59.591] [Forge Version Check/INFO] [net.minecraftforge.fml.VersionChecker/]: [aether] Found status: UP_TO_DATE Current: 1.20.1-1.5.2-neoforge Target: null
[28Jul2025 21:01:59.592] [Forge Version Check/INFO] [net.minecraftforge.fml.VersionChecker/]: [uteamcore] Starting version check at https://api.u-team.info/update/uteamcore.json
[28Jul2025 21:01:59.746] [Forge Version Check/INFO] [net.minecraftforge.fml.VersionChecker/]: [uteamcore] Found status: UP_TO_DATE Current: 5.1.4.382 Target: null
[28Jul2025 21:01:59.750] [Forge Version Check/INFO] [net.minecraftforge.fml.VersionChecker/]: [lost_aether_content] Starting version check at http://changelogs.moddinglegacy.com/lost-content.json
[28Jul2025 21:01:59.829] [main/INFO] [terrablender/]: Registered region minecraft:overworld to index 0 for type OVERWORLD
[28Jul2025 21:01:59.829] [main/INFO] [terrablender/]: Registered region minecraft:nether to index 0 for type NETHER
[28Jul2025 21:01:59.829] [main/INFO] [terrablender/]: Registered region aether:the_aether to index 0 for type THE_AETHER
[28Jul2025 21:01:59.829] [main/INFO] [terrablender/]: Registered region deep_aether:deep_aether to index 1 for type THE_AETHER
[28Jul2025 21:01:59.830] [main/INFO] [terrablender/]: Registered region deep_aether:rare to index 2 for type THE_AETHER
[28Jul2025 21:02:00.102] [main/INFO] [com.tiviacz.travelersbackpack.TravelersBackpack/]: Registered the FluidEffect with Unique ID of minecraft:water for Water (Fluid Amount Required: 1000) with the ID 0
[28Jul2025 21:02:00.102] [main/INFO] [com.tiviacz.travelersbackpack.TravelersBackpack/]: Registered the FluidEffect with Unique ID of minecraft:lava for Lava (Fluid Amount Required: 1000) with the ID 1
[28Jul2025 21:02:00.103] [main/INFO] [com.tiviacz.travelersbackpack.TravelersBackpack/]: Registered the FluidEffect with Unique ID of travelersbackpack:potion for Uncraftable Potion (Fluid Amount Required: 250) with the ID 2
[28Jul2025 21:02:00.103] [main/INFO] [com.tiviacz.travelersbackpack.TravelersBackpack/]: Registered the FluidEffect with Unique ID of minecraft:milk for Milk (Fluid Amount Required: 1000) with the ID 3
[28Jul2025 21:02:00.132] [Forge Version Check/INFO] [net.minecraftforge.fml.VersionChecker/]: [lost_aether_content] Found status: UP_TO_DATE Current: 1.2.3 Target: null
[28Jul2025 21:02:00.132] [Forge Version Check/INFO] [net.minecraftforge.fml.VersionChecker/]: [twilightforest] Starting version check at https://gh.tamaized.com/TeamTwilight/twilightforest/update.json
[28Jul2025 21:02:00.167] [main/INFO] [terrablender/]: Registered region aether_redux:aether_redux_region to index 3 for type THE_AETHER
[28Jul2025 21:02:00.230] [Forge Version Check/INFO] [net.minecraftforge.fml.VersionChecker/]: [twilightforest] Found status: AHEAD Current: 4.3.2508 Target: null
[28Jul2025 21:02:00.230] [Forge Version Check/INFO] [net.minecraftforge.fml.VersionChecker/]: [structure_gel] Starting version check at http://changelogs.moddinglegacy.com/structure-gel.json
[28Jul2025 21:02:00.311] [Forge Version Check/INFO] [net.minecraftforge.fml.VersionChecker/]: [structure_gel] Found status: BETA Current: 2.16.2 Target: null
[28Jul2025 21:02:00.312] [Forge Version Check/INFO] [net.minecraftforge.fml.VersionChecker/]: [usefulbackpacks] Starting version check at https://api.u-team.info/update/usefulbackpacks.json
[28Jul2025 21:02:00.329] [Forge Version Check/INFO] [net.minecraftforge.fml.VersionChecker/]: [usefulbackpacks] Found status: UP_TO_DATE Current: 2.0.1.124 Target: null
[28Jul2025 21:02:00.329] [Forge Version Check/INFO] [net.minecraftforge.fml.VersionChecker/]: [tombstone] Starting version check at https://raw.githubusercontent.com/Corail31/tombstone_lite/master/update.json
[28Jul2025 21:02:00.341] [Forge Version Check/INFO] [net.minecraftforge.fml.VersionChecker/]: [tombstone] Found status: OUTDATED Current: 9.0.4 Target: 9.0.5
[28Jul2025 21:02:00.342] [Forge Version Check/INFO] [net.minecraftforge.fml.VersionChecker/]: [cumulus_menus] Starting version check at https://github.com/The-Aether-Team/Cumulus/raw/1.20.1-develop/update.json
[28Jul2025 21:02:00.361] [Forge Version Check/INFO] [net.minecraftforge.fml.VersionChecker/]: [cumulus_menus] Found status: UP_TO_DATE Current: 1.20.1-1.0.1-neoforge Target: null
[28Jul2025 21:02:00.361] [Forge Version Check/INFO] [net.minecraftforge.fml.VersionChecker/]: [aether_protect_your_moa] Starting version check at https://github.com/The-Aether-Team/Protect-Your-Moa/raw/1.20.1-develop/update.json
[28Jul2025 21:02:00.378] [Forge Version Check/INFO] [net.minecraftforge.fml.VersionChecker/]: [aether_protect_your_moa] Found status: UP_TO_DATE Current: 1.20.1-1.0.0-neoforge Target: null
[28Jul2025 21:02:00.378] [Forge Version Check/INFO] [net.minecraftforge.fml.VersionChecker/]: [mr_limesplatus_ending] Starting version check at https://api.modrinth.com/updates/MCnBYP0b/forge_updates.json
[28Jul2025 21:02:00.474] [modloading-worker-0/INFO] [io.redspace.ironsspellbooks.IronsSpellbooks/]: Got IMC []
[28Jul2025 21:02:00.498] [Forge Version Check/INFO] [net.minecraftforge.fml.VersionChecker/]: [mr_limesplatus_ending] Found status: OUTDATED Current: 1-v1.1.0c Target: 1.1.0c+mod
[28Jul2025 21:02:00.498] [Forge Version Check/INFO] [net.minecraftforge.fml.VersionChecker/]: [deep_aether] Starting version check at https://github.com/RazorDevs/Deep-Aether/raw/1.20.1-1.1/update.json
[28Jul2025 21:02:00.519] [Forge Version Check/INFO] [net.minecraftforge.fml.VersionChecker/]: [deep_aether] Found status: UP_TO_DATE Current: 1.20.1-1.1.6.1 Target: null
[28Jul2025 21:02:00.519] [Forge Version Check/INFO] [net.minecraftforge.fml.VersionChecker/]: [goblintraders] Starting version check at https://mrcrayfish.com/modupdatejson?id=goblintraders
[28Jul2025 21:02:00.598] [modloading-worker-0/INFO] [Jade/]: Start loading plugin at com.aetherteam.aether.integration.jade.AetherJadePlugin
[28Jul2025 21:02:00.603] [modloading-worker-0/INFO] [Jade/]: Start loading plugin at net.blay09.mods.balm.forge.compat.hudinfo.ForgeJadeModCompat
[28Jul2025 21:02:00.604] [modloading-worker-0/INFO] [Jade/]: Start loading plugin at twilightforest.compat.jade.JadeCompat
[28Jul2025 21:02:00.604] [modloading-worker-0/INFO] [Jade/]: Start loading plugin at ovh.corail.tombstone.compatibility.IntegrationJade
[28Jul2025 21:02:00.605] [modloading-worker-0/INFO] [Jade/]: Start loading plugin at bl4ckscor3.mod.globalxp.compat.WailaDataProvider
[28Jul2025 21:02:00.605] [modloading-worker-0/INFO] [Jade/]: Start loading plugin at mekanism.common.integration.lookingat.jade.MekanismJadePlugin
[28Jul2025 21:02:00.607] [modloading-worker-0/INFO] [Jade/]: Start loading plugin at net.blay09.mods.waystones.compat.JadeIntegration
[28Jul2025 21:02:00.607] [modloading-worker-0/INFO] [Jade/]: Start loading plugin at snownee.jade.addon.vanilla.VanillaPlugin
[28Jul2025 21:02:00.615] [modloading-worker-0/INFO] [Jade/]: Start loading plugin at snownee.jade.addon.universal.UniversalPlugin
[28Jul2025 21:02:00.618] [modloading-worker-0/INFO] [Jade/]: Start loading plugin at snownee.jade.addon.core.CorePlugin
[28Jul2025 21:02:00.619] [modloading-worker-0/INFO] [Jade/]: Start loading plugin at net.geforcemods.securitycraft.compat.hudmods.JadeDataProvider
[28Jul2025 21:02:00.649] [main/INFO] [citadel/]: adding citadel surface rules via terrablender...
[28Jul2025 21:02:00.650] [main/INFO] [citadel/]: Added 0 vanilla biome surface rule types via terrablender
[28Jul2025 21:02:00.650] [main/INFO] [citadel/]: Added 1 modded biome surface rule types via terrablender
[28Jul2025 21:02:00.700] [Forge Version Check/WARN] [net.minecraftforge.fml.VersionChecker/]: Failed to process update information
com.google.gson.JsonSyntaxException: java.lang.IllegalStateException: Expected BEGIN_OBJECT but was STRING at line 1 column 1 path $
	at com.google.gson.Gson.fromJson(Gson.java:1226) ~[gson-2.10.jar%2372!/:?]
	at com.google.gson.Gson.fromJson(Gson.java:1124) ~[gson-2.10.jar%2372!/:?]
	at com.google.gson.Gson.fromJson(Gson.java:1034) ~[gson-2.10.jar%2372!/:?]
	at com.google.gson.Gson.fromJson(Gson.java:969) ~[gson-2.10.jar%2372!/:?]
	at net.minecraftforge.fml.VersionChecker$1.process(VersionChecker.java:186) ~[fmlcore-1.20.1-47.4.0.jar%23324!/:?]
	at java.lang.Iterable.forEach(Iterable.java:75) ~[?:?]
	at net.minecraftforge.fml.VersionChecker$1.run(VersionChecker.java:117) ~[fmlcore-1.20.1-47.4.0.jar%23324!/:?]
Caused by: java.lang.IllegalStateException: Expected BEGIN_OBJECT but was STRING at line 1 column 1 path $
	at com.google.gson.stream.JsonReader.beginObject(JsonReader.java:393) ~[gson-2.10.jar%2372!/:?]
	at com.google.gson.internal.bind.MapTypeAdapterFactory$Adapter.read(MapTypeAdapterFactory.java:182) ~[gson-2.10.jar%2372!/:?]
	at com.google.gson.internal.bind.MapTypeAdapterFactory$Adapter.read(MapTypeAdapterFactory.java:144) ~[gson-2.10.jar%2372!/:?]
	at com.google.gson.Gson.fromJson(Gson.java:1214) ~[gson-2.10.jar%2372!/:?]
	... 6 more
[28Jul2025 21:02:00.701] [Forge Version Check/INFO] [net.minecraftforge.fml.VersionChecker/]: [obscure_api] Starting version check at https://raw.githubusercontent.com/ObscuriaLithium/Home/main/obscure_api/versions.json
[28Jul2025 21:02:00.711] [Forge Version Check/WARN] [net.minecraftforge.fml.VersionChecker/]: Failed to process update information
com.google.gson.JsonSyntaxException: java.lang.IllegalStateException: Expected BEGIN_OBJECT but was NUMBER at line 1 column 4 path $
	at com.google.gson.Gson.fromJson(Gson.java:1226) ~[gson-2.10.jar%2372!/:?]
	at com.google.gson.Gson.fromJson(Gson.java:1124) ~[gson-2.10.jar%2372!/:?]
	at com.google.gson.Gson.fromJson(Gson.java:1034) ~[gson-2.10.jar%2372!/:?]
	at com.google.gson.Gson.fromJson(Gson.java:969) ~[gson-2.10.jar%2372!/:?]
	at net.minecraftforge.fml.VersionChecker$1.process(VersionChecker.java:186) ~[fmlcore-1.20.1-47.4.0.jar%23324!/:?]
	at java.lang.Iterable.forEach(Iterable.java:75) ~[?:?]
	at net.minecraftforge.fml.VersionChecker$1.run(VersionChecker.java:117) ~[fmlcore-1.20.1-47.4.0.jar%23324!/:?]
Caused by: java.lang.IllegalStateException: Expected BEGIN_OBJECT but was NUMBER at line 1 column 4 path $
	at com.google.gson.stream.JsonReader.beginObject(JsonReader.java:393) ~[gson-2.10.jar%2372!/:?]
	at com.google.gson.internal.bind.MapTypeAdapterFactory$Adapter.read(MapTypeAdapterFactory.java:182) ~[gson-2.10.jar%2372!/:?]
	at com.google.gson.internal.bind.MapTypeAdapterFactory$Adapter.read(MapTypeAdapterFactory.java:144) ~[gson-2.10.jar%2372!/:?]
	at com.google.gson.Gson.fromJson(Gson.java:1214) ~[gson-2.10.jar%2372!/:?]
	... 6 more
[28Jul2025 21:02:00.711] [Forge Version Check/INFO] [net.minecraftforge.fml.VersionChecker/]: [travelersbackpack] Starting version check at https://gist.githubusercontent.com/Tiviacz1337/906937677aa472285dff9d6c2a189d5e/raw
[28Jul2025 21:02:00.740] [Forge Version Check/INFO] [net.minecraftforge.fml.VersionChecker/]: [travelersbackpack] Found status: AHEAD Current: 9.1.39 Target: null
[28Jul2025 21:02:00.740] [Forge Version Check/INFO] [net.minecraftforge.fml.VersionChecker/]: [mr_veinminer] Starting version check at https://api.modrinth.com/updates/OhduvhIc/forge_updates.json
[28Jul2025 21:02:00.800] [Forge Version Check/INFO] [net.minecraftforge.fml.VersionChecker/]: [mr_veinminer] Found status: OUTDATED Current: 1.1.0 Target: 1.1.0+mod
[28Jul2025 21:02:00.803] [Forge Version Check/INFO] [net.minecraftforge.fml.VersionChecker/]: [forge] Starting version check at https://files.minecraftforge.net/net/minecraftforge/forge/promotions_slim.json
[28Jul2025 21:02:00.884] [Forge Version Check/INFO] [net.minecraftforge.fml.VersionChecker/]: [forge] Found status: UP_TO_DATE Current: 47.4.0 Target: null
[28Jul2025 21:02:00.884] [Forge Version Check/INFO] [net.minecraftforge.fml.VersionChecker/]: [trade_cycling] Starting version check at https://update.maxhenkel.de/forge/trade_cycling
[28Jul2025 21:02:00.895] [main/ERROR] [net.minecraft.Util/]: Entity cataclysm_spellbooks:extended_laser_beam has no attributes
[28Jul2025 21:02:00.895] [main/ERROR] [net.minecraft.Util/]: Entity cataclysm_spellbooks:extended_death_laser_beam has no attributes
[28Jul2025 21:02:00.896] [main/ERROR] [net.minecraft.Util/]: Entity cataclysm_spellbooks:extended_laser_beam has no attributes
[28Jul2025 21:02:00.896] [main/ERROR] [net.minecraft.Util/]: Entity cataclysm_spellbooks:extended_death_laser_beam has no attributes
[28Jul2025 21:02:00.896] [main/ERROR] [net.minecraft.Util/]: Entity cataclysm_spellbooks:extended_laser_beam has no attributes
[28Jul2025 21:02:00.896] [main/ERROR] [net.minecraft.Util/]: Entity cataclysm_spellbooks:extended_death_laser_beam has no attributes
[28Jul2025 21:02:00.896] [main/ERROR] [net.minecraft.Util/]: Entity cataclysm_spellbooks:extended_laser_beam has no attributes
[28Jul2025 21:02:00.897] [main/ERROR] [net.minecraft.Util/]: Entity cataclysm_spellbooks:extended_death_laser_beam has no attributes
[28Jul2025 21:02:00.897] [main/ERROR] [net.minecraft.Util/]: Entity cataclysm_spellbooks:extended_laser_beam has no attributes
[28Jul2025 21:02:00.897] [main/ERROR] [net.minecraft.Util/]: Entity cataclysm_spellbooks:extended_death_laser_beam has no attributes
[28Jul2025 21:02:00.897] [main/ERROR] [net.minecraft.Util/]: Entity cataclysm_spellbooks:extended_laser_beam has no attributes
[28Jul2025 21:02:00.898] [main/ERROR] [net.minecraft.Util/]: Entity cataclysm_spellbooks:extended_death_laser_beam has no attributes
[28Jul2025 21:02:00.898] [main/ERROR] [net.minecraft.Util/]: Entity cataclysm_spellbooks:extended_laser_beam has no attributes
[28Jul2025 21:02:00.898] [main/ERROR] [net.minecraft.Util/]: Entity cataclysm_spellbooks:extended_death_laser_beam has no attributes
[28Jul2025 21:02:00.898] [main/ERROR] [net.minecraft.Util/]: Entity cataclysm_spellbooks:extended_laser_beam has no attributes
[28Jul2025 21:02:00.898] [main/ERROR] [net.minecraft.Util/]: Entity cataclysm_spellbooks:extended_death_laser_beam has no attributes
[28Jul2025 21:02:00.899] [main/ERROR] [net.minecraft.Util/]: Entity cataclysm_spellbooks:extended_laser_beam has no attributes
[28Jul2025 21:02:00.899] [main/ERROR] [net.minecraft.Util/]: Entity cataclysm_spellbooks:extended_death_laser_beam has no attributes
[28Jul2025 21:02:00.899] [main/ERROR] [net.minecraft.Util/]: Entity cataclysm_spellbooks:extended_laser_beam has no attributes
[28Jul2025 21:02:00.899] [main/ERROR] [net.minecraft.Util/]: Entity cataclysm_spellbooks:extended_death_laser_beam has no attributes
[28Jul2025 21:02:00.900] [main/ERROR] [net.minecraft.Util/]: Entity cataclysm_spellbooks:extended_laser_beam has no attributes
[28Jul2025 21:02:00.900] [main/ERROR] [net.minecraft.Util/]: Entity cataclysm_spellbooks:extended_death_laser_beam has no attributes
[28Jul2025 21:02:00.900] [main/ERROR] [net.minecraft.Util/]: Entity cataclysm_spellbooks:extended_laser_beam has no attributes
[28Jul2025 21:02:00.900] [main/ERROR] [net.minecraft.Util/]: Entity cataclysm_spellbooks:extended_death_laser_beam has no attributes
[28Jul2025 21:02:00.901] [main/ERROR] [net.minecraft.Util/]: Entity cataclysm_spellbooks:extended_laser_beam has no attributes
[28Jul2025 21:02:00.901] [main/ERROR] [net.minecraft.Util/]: Entity cataclysm_spellbooks:extended_death_laser_beam has no attributes
[28Jul2025 21:02:00.901] [main/ERROR] [net.minecraft.Util/]: Entity cataclysm_spellbooks:extended_laser_beam has no attributes
[28Jul2025 21:02:00.901] [main/ERROR] [net.minecraft.Util/]: Entity cataclysm_spellbooks:extended_death_laser_beam has no attributes
[28Jul2025 21:02:00.902] [main/ERROR] [net.minecraft.Util/]: Entity cataclysm_spellbooks:extended_laser_beam has no attributes
[28Jul2025 21:02:00.902] [main/ERROR] [net.minecraft.Util/]: Entity cataclysm_spellbooks:extended_death_laser_beam has no attributes
[28Jul2025 21:02:00.902] [main/ERROR] [net.minecraft.Util/]: Entity cataclysm_spellbooks:extended_laser_beam has no attributes
[28Jul2025 21:02:00.902] [main/ERROR] [net.minecraft.Util/]: Entity cataclysm_spellbooks:extended_death_laser_beam has no attributes
[28Jul2025 21:02:00.903] [main/ERROR] [net.minecraft.Util/]: Entity cataclysm_spellbooks:extended_laser_beam has no attributes
[28Jul2025 21:02:00.903] [main/ERROR] [net.minecraft.Util/]: Entity cataclysm_spellbooks:extended_death_laser_beam has no attributes
[28Jul2025 21:02:00.903] [main/ERROR] [net.minecraft.Util/]: Entity cataclysm_spellbooks:extended_laser_beam has no attributes
[28Jul2025 21:02:00.904] [main/ERROR] [net.minecraft.Util/]: Entity cataclysm_spellbooks:extended_death_laser_beam has no attributes
[28Jul2025 21:02:00.904] [main/ERROR] [net.minecraft.Util/]: Entity cataclysm_spellbooks:extended_laser_beam has no attributes
[28Jul2025 21:02:00.904] [main/ERROR] [net.minecraft.Util/]: Entity cataclysm_spellbooks:extended_death_laser_beam has no attributes
[28Jul2025 21:02:00.904] [main/ERROR] [net.minecraft.Util/]: Entity cataclysm_spellbooks:extended_laser_beam has no attributes
[28Jul2025 21:02:00.905] [main/ERROR] [net.minecraft.Util/]: Entity cataclysm_spellbooks:extended_death_laser_beam has no attributes
[28Jul2025 21:02:00.905] [main/ERROR] [net.minecraft.Util/]: Entity cataclysm_spellbooks:extended_laser_beam has no attributes
[28Jul2025 21:02:00.905] [main/ERROR] [net.minecraft.Util/]: Entity cataclysm_spellbooks:extended_death_laser_beam has no attributes
[28Jul2025 21:02:00.906] [main/ERROR] [net.minecraft.Util/]: Entity cataclysm_spellbooks:extended_laser_beam has no attributes
[28Jul2025 21:02:00.906] [main/ERROR] [net.minecraft.Util/]: Entity cataclysm_spellbooks:extended_death_laser_beam has no attributes
[28Jul2025 21:02:00.906] [main/ERROR] [net.minecraft.Util/]: Entity cataclysm_spellbooks:extended_laser_beam has no attributes
[28Jul2025 21:02:00.907] [main/ERROR] [net.minecraft.Util/]: Entity cataclysm_spellbooks:extended_death_laser_beam has no attributes
[28Jul2025 21:02:00.907] [main/ERROR] [net.minecraft.Util/]: Entity cataclysm_spellbooks:extended_laser_beam has no attributes
[28Jul2025 21:02:00.907] [main/ERROR] [net.minecraft.Util/]: Entity cataclysm_spellbooks:extended_death_laser_beam has no attributes
[28Jul2025 21:02:00.908] [main/ERROR] [net.minecraft.Util/]: Entity cataclysm_spellbooks:extended_laser_beam has no attributes
[28Jul2025 21:02:00.908] [main/ERROR] [net.minecraft.Util/]: Entity cataclysm_spellbooks:extended_death_laser_beam has no attributes
[28Jul2025 21:02:00.909] [main/ERROR] [net.minecraft.Util/]: Entity cataclysm_spellbooks:extended_laser_beam has no attributes
[28Jul2025 21:02:00.909] [main/ERROR] [net.minecraft.Util/]: Entity cataclysm_spellbooks:extended_death_laser_beam has no attributes
[28Jul2025 21:02:00.910] [main/ERROR] [net.minecraft.Util/]: Entity cataclysm_spellbooks:extended_laser_beam has no attributes
[28Jul2025 21:02:00.910] [main/ERROR] [net.minecraft.Util/]: Entity cataclysm_spellbooks:extended_death_laser_beam has no attributes
[28Jul2025 21:02:00.910] [main/ERROR] [net.minecraft.Util/]: Entity cataclysm_spellbooks:extended_laser_beam has no attributes
[28Jul2025 21:02:00.911] [main/ERROR] [net.minecraft.Util/]: Entity cataclysm_spellbooks:extended_death_laser_beam has no attributes
[28Jul2025 21:02:00.911] [main/ERROR] [net.minecraft.Util/]: Entity cataclysm_spellbooks:extended_laser_beam has no attributes
[28Jul2025 21:02:00.911] [main/ERROR] [net.minecraft.Util/]: Entity cataclysm_spellbooks:extended_death_laser_beam has no attributes
[28Jul2025 21:02:00.912] [main/ERROR] [net.minecraft.Util/]: Entity cataclysm_spellbooks:extended_laser_beam has no attributes
[28Jul2025 21:02:00.912] [main/ERROR] [net.minecraft.Util/]: Entity cataclysm_spellbooks:extended_death_laser_beam has no attributes
[28Jul2025 21:02:00.913] [main/ERROR] [net.minecraft.Util/]: Entity cataclysm_spellbooks:extended_laser_beam has no attributes
[28Jul2025 21:02:00.913] [main/ERROR] [net.minecraft.Util/]: Entity cataclysm_spellbooks:extended_death_laser_beam has no attributes
[28Jul2025 21:02:00.913] [main/ERROR] [net.minecraft.Util/]: Entity cataclysm_spellbooks:extended_laser_beam has no attributes
[28Jul2025 21:02:00.914] [main/ERROR] [net.minecraft.Util/]: Entity cataclysm_spellbooks:extended_death_laser_beam has no attributes
[28Jul2025 21:02:00.914] [main/ERROR] [net.minecraft.Util/]: Entity cataclysm_spellbooks:extended_laser_beam has no attributes
[28Jul2025 21:02:00.914] [main/ERROR] [net.minecraft.Util/]: Entity cataclysm_spellbooks:extended_death_laser_beam has no attributes
[28Jul2025 21:02:00.915] [main/ERROR] [net.minecraft.Util/]: Entity cataclysm_spellbooks:extended_laser_beam has no attributes
[28Jul2025 21:02:00.915] [main/ERROR] [net.minecraft.Util/]: Entity cataclysm_spellbooks:extended_death_laser_beam has no attributes
[28Jul2025 21:02:00.915] [main/ERROR] [net.minecraft.Util/]: Entity cataclysm_spellbooks:extended_laser_beam has no attributes
[28Jul2025 21:02:00.915] [main/ERROR] [net.minecraft.Util/]: Entity cataclysm_spellbooks:extended_death_laser_beam has no attributes
[28Jul2025 21:02:00.916] [main/ERROR] [net.minecraft.Util/]: Entity cataclysm_spellbooks:extended_laser_beam has no attributes
[28Jul2025 21:02:00.916] [main/ERROR] [net.minecraft.Util/]: Entity cataclysm_spellbooks:extended_death_laser_beam has no attributes
[28Jul2025 21:02:00.916] [main/ERROR] [net.minecraft.Util/]: Entity cataclysm_spellbooks:extended_laser_beam has no attributes
[28Jul2025 21:02:00.916] [main/ERROR] [net.minecraft.Util/]: Entity cataclysm_spellbooks:extended_death_laser_beam has no attributes
[28Jul2025 21:02:00.917] [main/ERROR] [net.minecraft.Util/]: Entity cataclysm_spellbooks:extended_laser_beam has no attributes
[28Jul2025 21:02:00.917] [main/ERROR] [net.minecraft.Util/]: Entity cataclysm_spellbooks:extended_death_laser_beam has no attributes
[28Jul2025 21:02:00.917] [main/ERROR] [net.minecraft.Util/]: Entity cataclysm_spellbooks:extended_laser_beam has no attributes
[28Jul2025 21:02:00.917] [main/ERROR] [net.minecraft.Util/]: Entity cataclysm_spellbooks:extended_death_laser_beam has no attributes
[28Jul2025 21:02:00.918] [main/ERROR] [net.minecraft.Util/]: Entity cataclysm_spellbooks:extended_laser_beam has no attributes
[28Jul2025 21:02:00.918] [main/ERROR] [net.minecraft.Util/]: Entity cataclysm_spellbooks:extended_death_laser_beam has no attributes
[28Jul2025 21:02:00.918] [main/ERROR] [net.minecraft.Util/]: Entity cataclysm_spellbooks:extended_laser_beam has no attributes
[28Jul2025 21:02:00.918] [main/ERROR] [net.minecraft.Util/]: Entity cataclysm_spellbooks:extended_death_laser_beam has no attributes
[28Jul2025 21:02:00.919] [main/ERROR] [net.minecraft.Util/]: Entity cataclysm_spellbooks:extended_laser_beam has no attributes
[28Jul2025 21:02:00.919] [main/ERROR] [net.minecraft.Util/]: Entity cataclysm_spellbooks:extended_death_laser_beam has no attributes
[28Jul2025 21:02:00.919] [main/ERROR] [net.minecraft.Util/]: Entity cataclysm_spellbooks:extended_laser_beam has no attributes
[28Jul2025 21:02:00.919] [main/ERROR] [net.minecraft.Util/]: Entity cataclysm_spellbooks:extended_death_laser_beam has no attributes
[28Jul2025 21:02:00.919] [main/ERROR] [net.minecraft.Util/]: Entity cataclysm_spellbooks:extended_laser_beam has no attributes
[28Jul2025 21:02:00.920] [main/ERROR] [net.minecraft.Util/]: Entity cataclysm_spellbooks:extended_death_laser_beam has no attributes
[28Jul2025 21:02:00.920] [main/ERROR] [net.minecraft.Util/]: Entity cataclysm_spellbooks:extended_laser_beam has no attributes
[28Jul2025 21:02:00.920] [main/ERROR] [net.minecraft.Util/]: Entity cataclysm_spellbooks:extended_death_laser_beam has no attributes
[28Jul2025 21:02:00.920] [main/ERROR] [net.minecraft.Util/]: Entity cataclysm_spellbooks:extended_laser_beam has no attributes
[28Jul2025 21:02:00.921] [main/ERROR] [net.minecraft.Util/]: Entity cataclysm_spellbooks:extended_death_laser_beam has no attributes
[28Jul2025 21:02:00.921] [main/ERROR] [net.minecraft.Util/]: Entity cataclysm_spellbooks:extended_laser_beam has no attributes
[28Jul2025 21:02:00.921] [main/ERROR] [net.minecraft.Util/]: Entity cataclysm_spellbooks:extended_death_laser_beam has no attributes
[28Jul2025 21:02:00.921] [main/ERROR] [net.minecraft.Util/]: Entity cataclysm_spellbooks:extended_laser_beam has no attributes
[28Jul2025 21:02:00.921] [main/ERROR] [net.minecraft.Util/]: Entity cataclysm_spellbooks:extended_death_laser_beam has no attributes
[28Jul2025 21:02:00.922] [main/ERROR] [net.minecraft.Util/]: Entity cataclysm_spellbooks:extended_laser_beam has no attributes
[28Jul2025 21:02:00.922] [main/ERROR] [net.minecraft.Util/]: Entity cataclysm_spellbooks:extended_death_laser_beam has no attributes
[28Jul2025 21:02:00.922] [main/ERROR] [net.minecraft.Util/]: Entity cataclysm_spellbooks:extended_laser_beam has no attributes
[28Jul2025 21:02:00.922] [main/ERROR] [net.minecraft.Util/]: Entity cataclysm_spellbooks:extended_death_laser_beam has no attributes
[28Jul2025 21:02:00.923] [main/ERROR] [net.minecraft.Util/]: Entity cataclysm_spellbooks:extended_laser_beam has no attributes
[28Jul2025 21:02:00.923] [main/ERROR] [net.minecraft.Util/]: Entity cataclysm_spellbooks:extended_death_laser_beam has no attributes
[28Jul2025 21:02:00.923] [main/ERROR] [net.minecraft.Util/]: Entity cataclysm_spellbooks:extended_laser_beam has no attributes
[28Jul2025 21:02:00.923] [main/ERROR] [net.minecraft.Util/]: Entity cataclysm_spellbooks:extended_death_laser_beam has no attributes
[28Jul2025 21:02:00.924] [main/ERROR] [net.minecraft.Util/]: Entity cataclysm_spellbooks:extended_laser_beam has no attributes
[28Jul2025 21:02:00.924] [main/ERROR] [net.minecraft.Util/]: Entity cataclysm_spellbooks:extended_death_laser_beam has no attributes
[28Jul2025 21:02:00.924] [main/ERROR] [net.minecraft.Util/]: Entity cataclysm_spellbooks:extended_laser_beam has no attributes
[28Jul2025 21:02:00.924] [main/ERROR] [net.minecraft.Util/]: Entity cataclysm_spellbooks:extended_death_laser_beam has no attributes
[28Jul2025 21:02:00.925] [main/ERROR] [net.minecraft.Util/]: Entity cataclysm_spellbooks:extended_laser_beam has no attributes
[28Jul2025 21:02:00.925] [main/ERROR] [net.minecraft.Util/]: Entity cataclysm_spellbooks:extended_death_laser_beam has no attributes
[28Jul2025 21:02:00.925] [main/ERROR] [net.minecraft.Util/]: Entity cataclysm_spellbooks:extended_laser_beam has no attributes
[28Jul2025 21:02:00.925] [main/ERROR] [net.minecraft.Util/]: Entity cataclysm_spellbooks:extended_death_laser_beam has no attributes
[28Jul2025 21:02:00.926] [main/ERROR] [net.minecraft.Util/]: Entity cataclysm_spellbooks:extended_laser_beam has no attributes
[28Jul2025 21:02:00.926] [main/ERROR] [net.minecraft.Util/]: Entity cataclysm_spellbooks:extended_death_laser_beam has no attributes
[28Jul2025 21:02:00.927] [main/ERROR] [net.minecraft.Util/]: Entity cataclysm_spellbooks:extended_laser_beam has no attributes
[28Jul2025 21:02:00.927] [main/ERROR] [net.minecraft.Util/]: Entity cataclysm_spellbooks:extended_death_laser_beam has no attributes
[28Jul2025 21:02:00.927] [main/ERROR] [net.minecraft.Util/]: Entity cataclysm_spellbooks:extended_laser_beam has no attributes
[28Jul2025 21:02:00.928] [main/ERROR] [net.minecraft.Util/]: Entity cataclysm_spellbooks:extended_death_laser_beam has no attributes
[28Jul2025 21:02:00.928] [main/ERROR] [net.minecraft.Util/]: Entity cataclysm_spellbooks:extended_laser_beam has no attributes
[28Jul2025 21:02:00.928] [main/ERROR] [net.minecraft.Util/]: Entity cataclysm_spellbooks:extended_death_laser_beam has no attributes
[28Jul2025 21:02:00.929] [main/ERROR] [net.minecraft.Util/]: Entity cataclysm_spellbooks:extended_laser_beam has no attributes
[28Jul2025 21:02:00.929] [main/ERROR] [net.minecraft.Util/]: Entity cataclysm_spellbooks:extended_death_laser_beam has no attributes
[28Jul2025 21:02:00.930] [main/ERROR] [net.minecraft.Util/]: Entity cataclysm_spellbooks:extended_laser_beam has no attributes
[28Jul2025 21:02:00.930] [main/ERROR] [net.minecraft.Util/]: Entity cataclysm_spellbooks:extended_death_laser_beam has no attributes
[28Jul2025 21:02:00.930] [main/ERROR] [net.minecraft.Util/]: Entity cataclysm_spellbooks:extended_laser_beam has no attributes
[28Jul2025 21:02:00.931] [main/ERROR] [net.minecraft.Util/]: Entity cataclysm_spellbooks:extended_death_laser_beam has no attributes
[28Jul2025 21:02:00.931] [main/ERROR] [net.minecraft.Util/]: Entity cataclysm_spellbooks:extended_laser_beam has no attributes
[28Jul2025 21:02:00.931] [main/ERROR] [net.minecraft.Util/]: Entity cataclysm_spellbooks:extended_death_laser_beam has no attributes
[28Jul2025 21:02:00.932] [main/ERROR] [net.minecraft.Util/]: Entity cataclysm_spellbooks:extended_laser_beam has no attributes
[28Jul2025 21:02:00.932] [main/ERROR] [net.minecraft.Util/]: Entity cataclysm_spellbooks:extended_death_laser_beam has no attributes
[28Jul2025 21:02:00.933] [main/ERROR] [net.minecraft.Util/]: Entity cataclysm_spellbooks:extended_laser_beam has no attributes
[28Jul2025 21:02:00.933] [main/ERROR] [net.minecraft.Util/]: Entity cataclysm_spellbooks:extended_death_laser_beam has no attributes
[28Jul2025 21:02:00.933] [main/ERROR] [net.minecraft.Util/]: Entity cataclysm_spellbooks:extended_laser_beam has no attributes
[28Jul2025 21:02:00.934] [main/ERROR] [net.minecraft.Util/]: Entity cataclysm_spellbooks:extended_death_laser_beam has no attributes
[28Jul2025 21:02:00.934] [main/ERROR] [net.minecraft.Util/]: Entity cataclysm_spellbooks:extended_laser_beam has no attributes
[28Jul2025 21:02:00.934] [main/ERROR] [net.minecraft.Util/]: Entity cataclysm_spellbooks:extended_death_laser_beam has no attributes
[28Jul2025 21:02:00.935] [main/ERROR] [net.minecraft.Util/]: Entity cataclysm_spellbooks:extended_laser_beam has no attributes
[28Jul2025 21:02:00.935] [main/ERROR] [net.minecraft.Util/]: Entity cataclysm_spellbooks:extended_death_laser_beam has no attributes
[28Jul2025 21:02:00.936] [main/ERROR] [net.minecraft.Util/]: Entity cataclysm_spellbooks:extended_laser_beam has no attributes
[28Jul2025 21:02:00.936] [main/ERROR] [net.minecraft.Util/]: Entity cataclysm_spellbooks:extended_death_laser_beam has no attributes
[28Jul2025 21:02:00.936] [main/ERROR] [net.minecraft.Util/]: Entity cataclysm_spellbooks:extended_laser_beam has no attributes
[28Jul2025 21:02:00.937] [main/ERROR] [net.minecraft.Util/]: Entity cataclysm_spellbooks:extended_death_laser_beam has no attributes
[28Jul2025 21:02:00.937] [main/ERROR] [net.minecraft.Util/]: Entity cataclysm_spellbooks:extended_laser_beam has no attributes
[28Jul2025 21:02:00.937] [main/ERROR] [net.minecraft.Util/]: Entity cataclysm_spellbooks:extended_death_laser_beam has no attributes
[28Jul2025 21:02:00.937] [main/ERROR] [net.minecraft.Util/]: Entity cataclysm_spellbooks:extended_laser_beam has no attributes
[28Jul2025 21:02:00.937] [main/ERROR] [net.minecraft.Util/]: Entity cataclysm_spellbooks:extended_death_laser_beam has no attributes
[28Jul2025 21:02:00.938] [main/ERROR] [net.minecraft.Util/]: Entity cataclysm_spellbooks:extended_laser_beam has no attributes
[28Jul2025 21:02:00.938] [main/ERROR] [net.minecraft.Util/]: Entity cataclysm_spellbooks:extended_death_laser_beam has no attributes
[28Jul2025 21:02:00.938] [main/ERROR] [net.minecraft.Util/]: Entity cataclysm_spellbooks:extended_laser_beam has no attributes
[28Jul2025 21:02:00.938] [main/ERROR] [net.minecraft.Util/]: Entity cataclysm_spellbooks:extended_death_laser_beam has no attributes
[28Jul2025 21:02:00.939] [main/ERROR] [net.minecraft.Util/]: Entity cataclysm_spellbooks:extended_laser_beam has no attributes
[28Jul2025 21:02:00.939] [main/ERROR] [net.minecraft.Util/]: Entity cataclysm_spellbooks:extended_death_laser_beam has no attributes
[28Jul2025 21:02:00.940] [main/ERROR] [net.minecraft.Util/]: Entity cataclysm_spellbooks:extended_laser_beam has no attributes
[28Jul2025 21:02:00.940] [main/ERROR] [net.minecraft.Util/]: Entity cataclysm_spellbooks:extended_death_laser_beam has no attributes
[28Jul2025 21:02:00.940] [main/ERROR] [net.minecraft.Util/]: Entity cataclysm_spellbooks:extended_laser_beam has no attributes
[28Jul2025 21:02:00.940] [main/ERROR] [net.minecraft.Util/]: Entity cataclysm_spellbooks:extended_death_laser_beam has no attributes
[28Jul2025 21:02:00.941] [main/ERROR] [net.minecraft.Util/]: Entity cataclysm_spellbooks:extended_laser_beam has no attributes
[28Jul2025 21:02:00.941] [main/ERROR] [net.minecraft.Util/]: Entity cataclysm_spellbooks:extended_death_laser_beam has no attributes
[28Jul2025 21:02:00.941] [main/ERROR] [net.minecraft.Util/]: Entity cataclysm_spellbooks:extended_laser_beam has no attributes
[28Jul2025 21:02:00.941] [main/ERROR] [net.minecraft.Util/]: Entity cataclysm_spellbooks:extended_death_laser_beam has no attributes
[28Jul2025 21:02:00.942] [main/ERROR] [net.minecraft.Util/]: Entity cataclysm_spellbooks:extended_laser_beam has no attributes
[28Jul2025 21:02:00.942] [main/ERROR] [net.minecraft.Util/]: Entity cataclysm_spellbooks:extended_death_laser_beam has no attributes
[28Jul2025 21:02:00.942] [main/ERROR] [net.minecraft.Util/]: Entity cataclysm_spellbooks:extended_laser_beam has no attributes
[28Jul2025 21:02:00.942] [main/ERROR] [net.minecraft.Util/]: Entity cataclysm_spellbooks:extended_death_laser_beam has no attributes
[28Jul2025 21:02:00.943] [main/ERROR] [net.minecraft.Util/]: Entity cataclysm_spellbooks:extended_laser_beam has no attributes
[28Jul2025 21:02:00.943] [main/ERROR] [net.minecraft.Util/]: Entity cataclysm_spellbooks:extended_death_laser_beam has no attributes
[28Jul2025 21:02:00.943] [main/ERROR] [net.minecraft.Util/]: Entity cataclysm_spellbooks:extended_laser_beam has no attributes
[28Jul2025 21:02:00.943] [main/ERROR] [net.minecraft.Util/]: Entity cataclysm_spellbooks:extended_death_laser_beam has no attributes
[28Jul2025 21:02:00.944] [main/ERROR] [net.minecraft.Util/]: Entity cataclysm_spellbooks:extended_laser_beam has no attributes
[28Jul2025 21:02:00.944] [main/ERROR] [net.minecraft.Util/]: Entity cataclysm_spellbooks:extended_death_laser_beam has no attributes
[28Jul2025 21:02:00.944] [main/ERROR] [net.minecraft.Util/]: Entity cataclysm_spellbooks:extended_laser_beam has no attributes
[28Jul2025 21:02:00.944] [main/ERROR] [net.minecraft.Util/]: Entity cataclysm_spellbooks:extended_death_laser_beam has no attributes
[28Jul2025 21:02:00.945] [main/ERROR] [net.minecraft.Util/]: Entity cataclysm_spellbooks:extended_laser_beam has no attributes
[28Jul2025 21:02:00.945] [main/ERROR] [net.minecraft.Util/]: Entity cataclysm_spellbooks:extended_death_laser_beam has no attributes
[28Jul2025 21:02:00.945] [main/ERROR] [net.minecraft.Util/]: Entity cataclysm_spellbooks:extended_laser_beam has no attributes
[28Jul2025 21:02:00.945] [main/ERROR] [net.minecraft.Util/]: Entity cataclysm_spellbooks:extended_death_laser_beam has no attributes
[28Jul2025 21:02:01.371] [Forge Version Check/INFO] [net.minecraftforge.fml.VersionChecker/]: [trade_cycling] Found status: AHEAD Current: 1.20.1-1.0.18 Target: null
[28Jul2025 21:02:01.372] [Forge Version Check/INFO] [net.minecraftforge.fml.VersionChecker/]: [securitycraft] Starting version check at https://www.github.com/Geforce132/SecurityCraft/raw/master/Updates/Forge.json
[28Jul2025 21:02:01.419] [Forge Version Check/INFO] [net.minecraftforge.fml.VersionChecker/]: [securitycraft] Found status: UP_TO_DATE Current: 1.10.0.1 Target: null
[28Jul2025 21:02:01.419] [Forge Version Check/INFO] [net.minecraftforge.fml.VersionChecker/]: [aquamirae] Starting version check at https://raw.githubusercontent.com/ObscuriaLithium/Home/main/aquamirae/versions.json
[28Jul2025 21:02:01.428] [Forge Version Check/WARN] [net.minecraftforge.fml.VersionChecker/]: Failed to process update information
com.google.gson.JsonSyntaxException: java.lang.IllegalStateException: Expected BEGIN_OBJECT but was NUMBER at line 1 column 4 path $
	at com.google.gson.Gson.fromJson(Gson.java:1226) ~[gson-2.10.jar%2372!/:?]
	at com.google.gson.Gson.fromJson(Gson.java:1124) ~[gson-2.10.jar%2372!/:?]
	at com.google.gson.Gson.fromJson(Gson.java:1034) ~[gson-2.10.jar%2372!/:?]
	at com.google.gson.Gson.fromJson(Gson.java:969) ~[gson-2.10.jar%2372!/:?]
	at net.minecraftforge.fml.VersionChecker$1.process(VersionChecker.java:186) ~[fmlcore-1.20.1-47.4.0.jar%23324!/:?]
	at java.lang.Iterable.forEach(Iterable.java:75) ~[?:?]
	at net.minecraftforge.fml.VersionChecker$1.run(VersionChecker.java:117) ~[fmlcore-1.20.1-47.4.0.jar%23324!/:?]
Caused by: java.lang.IllegalStateException: Expected BEGIN_OBJECT but was NUMBER at line 1 column 4 path $
	at com.google.gson.stream.JsonReader.beginObject(JsonReader.java:393) ~[gson-2.10.jar%2372!/:?]
	at com.google.gson.internal.bind.MapTypeAdapterFactory$Adapter.read(MapTypeAdapterFactory.java:182) ~[gson-2.10.jar%2372!/:?]
	at com.google.gson.internal.bind.MapTypeAdapterFactory$Adapter.read(MapTypeAdapterFactory.java:144) ~[gson-2.10.jar%2372!/:?]
	at com.google.gson.Gson.fromJson(Gson.java:1214) ~[gson-2.10.jar%2372!/:?]
	... 6 more
[28Jul2025 21:02:01.439] [main/INFO] [com.mojang.authlib.yggdrasil.YggdrasilAuthenticationService/]: Environment: authHost='https://authserver.mojang.com', accountsHost='https://api.mojang.com', sessionHost='https://sessionserver.mojang.com', servicesHost='https://api.minecraftservices.com', name='PROD'
[28Jul2025 21:02:01.685] [main/ERROR] [net.minecraft.Util/]: Entity cataclysm_spellbooks:extended_laser_beam has no attributes
[28Jul2025 21:02:01.685] [main/ERROR] [net.minecraft.Util/]: Entity cataclysm_spellbooks:extended_death_laser_beam has no attributes
[28Jul2025 21:02:01.686] [main/ERROR] [net.minecraft.Util/]: Entity cataclysm_spellbooks:extended_laser_beam has no attributes
[28Jul2025 21:02:01.686] [main/ERROR] [net.minecraft.Util/]: Entity cataclysm_spellbooks:extended_death_laser_beam has no attributes
[28Jul2025 21:02:01.686] [main/ERROR] [net.minecraft.Util/]: Entity cataclysm_spellbooks:extended_laser_beam has no attributes
[28Jul2025 21:02:01.686] [main/ERROR] [net.minecraft.Util/]: Entity cataclysm_spellbooks:extended_death_laser_beam has no attributes
[28Jul2025 21:02:01.686] [main/ERROR] [net.minecraft.Util/]: Entity cataclysm_spellbooks:extended_laser_beam has no attributes
[28Jul2025 21:02:01.686] [main/ERROR] [net.minecraft.Util/]: Entity cataclysm_spellbooks:extended_death_laser_beam has no attributes
[28Jul2025 21:02:01.687] [main/ERROR] [net.minecraft.Util/]: Entity cataclysm_spellbooks:extended_laser_beam has no attributes
[28Jul2025 21:02:01.687] [main/ERROR] [net.minecraft.Util/]: Entity cataclysm_spellbooks:extended_death_laser_beam has no attributes
[28Jul2025 21:02:01.687] [main/ERROR] [net.minecraft.Util/]: Entity cataclysm_spellbooks:extended_laser_beam has no attributes
[28Jul2025 21:02:01.687] [main/ERROR] [net.minecraft.Util/]: Entity cataclysm_spellbooks:extended_death_laser_beam has no attributes
[28Jul2025 21:02:01.687] [main/ERROR] [net.minecraft.Util/]: Entity cataclysm_spellbooks:extended_laser_beam has no attributes
[28Jul2025 21:02:01.687] [main/ERROR] [net.minecraft.Util/]: Entity cataclysm_spellbooks:extended_death_laser_beam has no attributes
[28Jul2025 21:02:01.687] [main/ERROR] [net.minecraft.Util/]: Entity cataclysm_spellbooks:extended_laser_beam has no attributes
[28Jul2025 21:02:01.687] [main/ERROR] [net.minecraft.Util/]: Entity cataclysm_spellbooks:extended_death_laser_beam has no attributes
[28Jul2025 21:02:01.688] [main/ERROR] [net.minecraft.Util/]: Entity cataclysm_spellbooks:extended_laser_beam has no attributes
[28Jul2025 21:02:01.688] [main/ERROR] [net.minecraft.Util/]: Entity cataclysm_spellbooks:extended_death_laser_beam has no attributes
[28Jul2025 21:02:01.688] [main/ERROR] [net.minecraft.Util/]: Entity cataclysm_spellbooks:extended_laser_beam has no attributes
[28Jul2025 21:02:01.688] [main/ERROR] [net.minecraft.Util/]: Entity cataclysm_spellbooks:extended_death_laser_beam has no attributes
[28Jul2025 21:02:01.688] [main/ERROR] [net.minecraft.Util/]: Entity cataclysm_spellbooks:extended_laser_beam has no attributes
[28Jul2025 21:02:01.688] [main/ERROR] [net.minecraft.Util/]: Entity cataclysm_spellbooks:extended_death_laser_beam has no attributes
[28Jul2025 21:02:01.689] [main/ERROR] [net.minecraft.Util/]: Entity cataclysm_spellbooks:extended_laser_beam has no attributes
[28Jul2025 21:02:01.689] [main/ERROR] [net.minecraft.Util/]: Entity cataclysm_spellbooks:extended_death_laser_beam has no attributes
[28Jul2025 21:02:01.689] [main/ERROR] [net.minecraft.Util/]: Entity cataclysm_spellbooks:extended_laser_beam has no attributes
[28Jul2025 21:02:01.689] [main/ERROR] [net.minecraft.Util/]: Entity cataclysm_spellbooks:extended_death_laser_beam has no attributes
[28Jul2025 21:02:01.689] [main/ERROR] [net.minecraft.Util/]: Entity cataclysm_spellbooks:extended_laser_beam has no attributes
[28Jul2025 21:02:01.689] [main/ERROR] [net.minecraft.Util/]: Entity cataclysm_spellbooks:extended_death_laser_beam has no attributes
[28Jul2025 21:02:01.689] [main/ERROR] [net.minecraft.Util/]: Entity cataclysm_spellbooks:extended_laser_beam has no attributes
[28Jul2025 21:02:01.690] [main/ERROR] [net.minecraft.Util/]: Entity cataclysm_spellbooks:extended_death_laser_beam has no attributes
[28Jul2025 21:02:01.690] [main/ERROR] [net.minecraft.Util/]: Entity cataclysm_spellbooks:extended_laser_beam has no attributes
[28Jul2025 21:02:01.690] [main/ERROR] [net.minecraft.Util/]: Entity cataclysm_spellbooks:extended_death_laser_beam has no attributes
[28Jul2025 21:02:01.690] [main/ERROR] [net.minecraft.Util/]: Entity cataclysm_spellbooks:extended_laser_beam has no attributes
[28Jul2025 21:02:01.690] [main/ERROR] [net.minecraft.Util/]: Entity cataclysm_spellbooks:extended_death_laser_beam has no attributes
[28Jul2025 21:02:01.690] [main/ERROR] [net.minecraft.Util/]: Entity cataclysm_spellbooks:extended_laser_beam has no attributes
[28Jul2025 21:02:01.690] [main/ERROR] [net.minecraft.Util/]: Entity cataclysm_spellbooks:extended_death_laser_beam has no attributes
[28Jul2025 21:02:01.691] [main/ERROR] [net.minecraft.Util/]: Entity cataclysm_spellbooks:extended_laser_beam has no attributes
[28Jul2025 21:02:01.691] [main/ERROR] [net.minecraft.Util/]: Entity cataclysm_spellbooks:extended_death_laser_beam has no attributes
[28Jul2025 21:02:01.691] [main/ERROR] [net.minecraft.Util/]: Entity cataclysm_spellbooks:extended_laser_beam has no attributes
[28Jul2025 21:02:01.691] [main/ERROR] [net.minecraft.Util/]: Entity cataclysm_spellbooks:extended_death_laser_beam has no attributes
[28Jul2025 21:02:01.691] [main/ERROR] [net.minecraft.Util/]: Entity cataclysm_spellbooks:extended_laser_beam has no attributes
[28Jul2025 21:02:01.691] [main/ERROR] [net.minecraft.Util/]: Entity cataclysm_spellbooks:extended_death_laser_beam has no attributes
[28Jul2025 21:02:01.691] [main/ERROR] [net.minecraft.Util/]: Entity cataclysm_spellbooks:extended_laser_beam has no attributes
[28Jul2025 21:02:01.692] [main/ERROR] [net.minecraft.Util/]: Entity cataclysm_spellbooks:extended_death_laser_beam has no attributes
[28Jul2025 21:02:01.692] [main/ERROR] [net.minecraft.Util/]: Entity cataclysm_spellbooks:extended_laser_beam has no attributes
[28Jul2025 21:02:01.692] [main/ERROR] [net.minecraft.Util/]: Entity cataclysm_spellbooks:extended_death_laser_beam has no attributes
[28Jul2025 21:02:01.692] [main/ERROR] [net.minecraft.Util/]: Entity cataclysm_spellbooks:extended_laser_beam has no attributes
[28Jul2025 21:02:01.692] [main/ERROR] [net.minecraft.Util/]: Entity cataclysm_spellbooks:extended_death_laser_beam has no attributes
[28Jul2025 21:02:01.692] [main/ERROR] [net.minecraft.Util/]: Entity cataclysm_spellbooks:extended_laser_beam has no attributes
[28Jul2025 21:02:01.692] [main/ERROR] [net.minecraft.Util/]: Entity cataclysm_spellbooks:extended_death_laser_beam has no attributes
[28Jul2025 21:02:01.693] [main/ERROR] [net.minecraft.Util/]: Entity cataclysm_spellbooks:extended_laser_beam has no attributes
[28Jul2025 21:02:01.693] [main/ERROR] [net.minecraft.Util/]: Entity cataclysm_spellbooks:extended_death_laser_beam has no attributes
[28Jul2025 21:02:01.693] [main/ERROR] [net.minecraft.Util/]: Entity cataclysm_spellbooks:extended_laser_beam has no attributes
[28Jul2025 21:02:01.693] [main/ERROR] [net.minecraft.Util/]: Entity cataclysm_spellbooks:extended_death_laser_beam has no attributes
[28Jul2025 21:02:01.693] [main/ERROR] [net.minecraft.Util/]: Entity cataclysm_spellbooks:extended_laser_beam has no attributes
[28Jul2025 21:02:01.693] [main/ERROR] [net.minecraft.Util/]: Entity cataclysm_spellbooks:extended_death_laser_beam has no attributes
[28Jul2025 21:02:01.693] [main/ERROR] [net.minecraft.Util/]: Entity cataclysm_spellbooks:extended_laser_beam has no attributes
[28Jul2025 21:02:01.694] [main/ERROR] [net.minecraft.Util/]: Entity cataclysm_spellbooks:extended_death_laser_beam has no attributes
[28Jul2025 21:02:01.694] [main/ERROR] [net.minecraft.Util/]: Entity cataclysm_spellbooks:extended_laser_beam has no attributes
[28Jul2025 21:02:01.694] [main/ERROR] [net.minecraft.Util/]: Entity cataclysm_spellbooks:extended_death_laser_beam has no attributes
[28Jul2025 21:02:01.694] [main/ERROR] [net.minecraft.Util/]: Entity cataclysm_spellbooks:extended_laser_beam has no attributes
[28Jul2025 21:02:01.694] [main/ERROR] [net.minecraft.Util/]: Entity cataclysm_spellbooks:extended_death_laser_beam has no attributes
[28Jul2025 21:02:01.694] [main/ERROR] [net.minecraft.Util/]: Entity cataclysm_spellbooks:extended_laser_beam has no attributes
[28Jul2025 21:02:01.694] [main/ERROR] [net.minecraft.Util/]: Entity cataclysm_spellbooks:extended_death_laser_beam has no attributes
[28Jul2025 21:02:01.695] [main/ERROR] [net.minecraft.Util/]: Entity cataclysm_spellbooks:extended_laser_beam has no attributes
[28Jul2025 21:02:01.695] [main/ERROR] [net.minecraft.Util/]: Entity cataclysm_spellbooks:extended_death_laser_beam has no attributes
[28Jul2025 21:02:01.695] [main/ERROR] [net.minecraft.Util/]: Entity cataclysm_spellbooks:extended_laser_beam has no attributes
[28Jul2025 21:02:01.695] [main/ERROR] [net.minecraft.Util/]: Entity cataclysm_spellbooks:extended_death_laser_beam has no attributes
[28Jul2025 21:02:01.695] [main/ERROR] [net.minecraft.Util/]: Entity cataclysm_spellbooks:extended_laser_beam has no attributes
[28Jul2025 21:02:01.695] [main/ERROR] [net.minecraft.Util/]: Entity cataclysm_spellbooks:extended_death_laser_beam has no attributes
[28Jul2025 21:02:01.695] [main/ERROR] [net.minecraft.Util/]: Entity cataclysm_spellbooks:extended_laser_beam has no attributes
[28Jul2025 21:02:01.695] [main/ERROR] [net.minecraft.Util/]: Entity cataclysm_spellbooks:extended_death_laser_beam has no attributes
[28Jul2025 21:02:01.695] [main/ERROR] [net.minecraft.Util/]: Entity cataclysm_spellbooks:extended_laser_beam has no attributes
[28Jul2025 21:02:01.696] [main/ERROR] [net.minecraft.Util/]: Entity cataclysm_spellbooks:extended_death_laser_beam has no attributes
[28Jul2025 21:02:01.696] [main/ERROR] [net.minecraft.Util/]: Entity cataclysm_spellbooks:extended_laser_beam has no attributes
[28Jul2025 21:02:01.696] [main/ERROR] [net.minecraft.Util/]: Entity cataclysm_spellbooks:extended_death_laser_beam has no attributes
[28Jul2025 21:02:01.696] [main/ERROR] [net.minecraft.Util/]: Entity cataclysm_spellbooks:extended_laser_beam has no attributes
[28Jul2025 21:02:01.696] [main/ERROR] [net.minecraft.Util/]: Entity cataclysm_spellbooks:extended_death_laser_beam has no attributes
[28Jul2025 21:02:01.696] [main/ERROR] [net.minecraft.Util/]: Entity cataclysm_spellbooks:extended_laser_beam has no attributes
[28Jul2025 21:02:01.696] [main/ERROR] [net.minecraft.Util/]: Entity cataclysm_spellbooks:extended_death_laser_beam has no attributes
[28Jul2025 21:02:01.696] [main/ERROR] [net.minecraft.Util/]: Entity cataclysm_spellbooks:extended_laser_beam has no attributes
[28Jul2025 21:02:01.697] [main/ERROR] [net.minecraft.Util/]: Entity cataclysm_spellbooks:extended_death_laser_beam has no attributes
[28Jul2025 21:02:01.697] [main/ERROR] [net.minecraft.Util/]: Entity cataclysm_spellbooks:extended_laser_beam has no attributes
[28Jul2025 21:02:01.697] [main/ERROR] [net.minecraft.Util/]: Entity cataclysm_spellbooks:extended_death_laser_beam has no attributes
[28Jul2025 21:02:01.697] [main/ERROR] [net.minecraft.Util/]: Entity cataclysm_spellbooks:extended_laser_beam has no attributes
[28Jul2025 21:02:01.697] [main/ERROR] [net.minecraft.Util/]: Entity cataclysm_spellbooks:extended_death_laser_beam has no attributes
[28Jul2025 21:02:01.697] [main/ERROR] [net.minecraft.Util/]: Entity cataclysm_spellbooks:extended_laser_beam has no attributes
[28Jul2025 21:02:01.697] [main/ERROR] [net.minecraft.Util/]: Entity cataclysm_spellbooks:extended_death_laser_beam has no attributes
[28Jul2025 21:02:01.697] [main/ERROR] [net.minecraft.Util/]: Entity cataclysm_spellbooks:extended_laser_beam has no attributes
[28Jul2025 21:02:01.698] [main/ERROR] [net.minecraft.Util/]: Entity cataclysm_spellbooks:extended_death_laser_beam has no attributes
[28Jul2025 21:02:01.698] [main/ERROR] [net.minecraft.Util/]: Entity cataclysm_spellbooks:extended_laser_beam has no attributes
[28Jul2025 21:02:01.698] [main/ERROR] [net.minecraft.Util/]: Entity cataclysm_spellbooks:extended_death_laser_beam has no attributes
[28Jul2025 21:02:01.698] [main/ERROR] [net.minecraft.Util/]: Entity cataclysm_spellbooks:extended_laser_beam has no attributes
[28Jul2025 21:02:01.698] [main/ERROR] [net.minecraft.Util/]: Entity cataclysm_spellbooks:extended_death_laser_beam has no attributes
[28Jul2025 21:02:01.698] [main/ERROR] [net.minecraft.Util/]: Entity cataclysm_spellbooks:extended_laser_beam has no attributes
[28Jul2025 21:02:01.698] [main/ERROR] [net.minecraft.Util/]: Entity cataclysm_spellbooks:extended_death_laser_beam has no attributes
[28Jul2025 21:02:01.698] [main/ERROR] [net.minecraft.Util/]: Entity cataclysm_spellbooks:extended_laser_beam has no attributes
[28Jul2025 21:02:01.698] [main/ERROR] [net.minecraft.Util/]: Entity cataclysm_spellbooks:extended_death_laser_beam has no attributes
[28Jul2025 21:02:01.699] [main/ERROR] [net.minecraft.Util/]: Entity cataclysm_spellbooks:extended_laser_beam has no attributes
[28Jul2025 21:02:01.699] [main/ERROR] [net.minecraft.Util/]: Entity cataclysm_spellbooks:extended_death_laser_beam has no attributes
[28Jul2025 21:02:01.699] [main/ERROR] [net.minecraft.Util/]: Entity cataclysm_spellbooks:extended_laser_beam has no attributes
[28Jul2025 21:02:01.699] [main/ERROR] [net.minecraft.Util/]: Entity cataclysm_spellbooks:extended_death_laser_beam has no attributes
[28Jul2025 21:02:01.699] [main/ERROR] [net.minecraft.Util/]: Entity cataclysm_spellbooks:extended_laser_beam has no attributes
[28Jul2025 21:02:01.699] [main/ERROR] [net.minecraft.Util/]: Entity cataclysm_spellbooks:extended_death_laser_beam has no attributes
[28Jul2025 21:02:01.699] [main/ERROR] [net.minecraft.Util/]: Entity cataclysm_spellbooks:extended_laser_beam has no attributes
[28Jul2025 21:02:01.699] [main/ERROR] [net.minecraft.Util/]: Entity cataclysm_spellbooks:extended_death_laser_beam has no attributes
[28Jul2025 21:02:01.700] [main/ERROR] [net.minecraft.Util/]: Entity cataclysm_spellbooks:extended_laser_beam has no attributes
[28Jul2025 21:02:01.700] [main/ERROR] [net.minecraft.Util/]: Entity cataclysm_spellbooks:extended_death_laser_beam has no attributes
[28Jul2025 21:02:01.700] [main/ERROR] [net.minecraft.Util/]: Entity cataclysm_spellbooks:extended_laser_beam has no attributes
[28Jul2025 21:02:01.700] [main/ERROR] [net.minecraft.Util/]: Entity cataclysm_spellbooks:extended_death_laser_beam has no attributes
[28Jul2025 21:02:01.700] [main/ERROR] [net.minecraft.Util/]: Entity cataclysm_spellbooks:extended_laser_beam has no attributes
[28Jul2025 21:02:01.700] [main/ERROR] [net.minecraft.Util/]: Entity cataclysm_spellbooks:extended_death_laser_beam has no attributes
[28Jul2025 21:02:01.701] [main/ERROR] [net.minecraft.Util/]: Entity cataclysm_spellbooks:extended_laser_beam has no attributes
[28Jul2025 21:02:01.701] [main/ERROR] [net.minecraft.Util/]: Entity cataclysm_spellbooks:extended_death_laser_beam has no attributes
[28Jul2025 21:02:01.701] [main/ERROR] [net.minecraft.Util/]: Entity cataclysm_spellbooks:extended_laser_beam has no attributes
[28Jul2025 21:02:01.701] [main/ERROR] [net.minecraft.Util/]: Entity cataclysm_spellbooks:extended_death_laser_beam has no attributes
[28Jul2025 21:02:01.701] [main/ERROR] [net.minecraft.Util/]: Entity cataclysm_spellbooks:extended_laser_beam has no attributes
[28Jul2025 21:02:01.701] [main/ERROR] [net.minecraft.Util/]: Entity cataclysm_spellbooks:extended_death_laser_beam has no attributes
[28Jul2025 21:02:01.701] [main/ERROR] [net.minecraft.Util/]: Entity cataclysm_spellbooks:extended_laser_beam has no attributes
[28Jul2025 21:02:01.701] [main/ERROR] [net.minecraft.Util/]: Entity cataclysm_spellbooks:extended_death_laser_beam has no attributes
[28Jul2025 21:02:01.702] [main/ERROR] [net.minecraft.Util/]: Entity cataclysm_spellbooks:extended_laser_beam has no attributes
[28Jul2025 21:02:01.702] [main/ERROR] [net.minecraft.Util/]: Entity cataclysm_spellbooks:extended_death_laser_beam has no attributes
[28Jul2025 21:02:01.702] [main/ERROR] [net.minecraft.Util/]: Entity cataclysm_spellbooks:extended_laser_beam has no attributes
[28Jul2025 21:02:01.702] [main/ERROR] [net.minecraft.Util/]: Entity cataclysm_spellbooks:extended_death_laser_beam has no attributes
[28Jul2025 21:02:01.702] [main/ERROR] [net.minecraft.Util/]: Entity cataclysm_spellbooks:extended_laser_beam has no attributes
[28Jul2025 21:02:01.702] [main/ERROR] [net.minecraft.Util/]: Entity cataclysm_spellbooks:extended_death_laser_beam has no attributes
[28Jul2025 21:02:01.702] [main/ERROR] [net.minecraft.Util/]: Entity cataclysm_spellbooks:extended_laser_beam has no attributes
[28Jul2025 21:02:01.702] [main/ERROR] [net.minecraft.Util/]: Entity cataclysm_spellbooks:extended_death_laser_beam has no attributes
[28Jul2025 21:02:01.703] [main/ERROR] [net.minecraft.Util/]: Entity cataclysm_spellbooks:extended_laser_beam has no attributes
[28Jul2025 21:02:01.703] [main/ERROR] [net.minecraft.Util/]: Entity cataclysm_spellbooks:extended_death_laser_beam has no attributes
[28Jul2025 21:02:01.703] [main/ERROR] [net.minecraft.Util/]: Entity cataclysm_spellbooks:extended_laser_beam has no attributes
[28Jul2025 21:02:01.703] [main/ERROR] [net.minecraft.Util/]: Entity cataclysm_spellbooks:extended_death_laser_beam has no attributes
[28Jul2025 21:02:01.703] [main/ERROR] [net.minecraft.Util/]: Entity cataclysm_spellbooks:extended_laser_beam has no attributes
[28Jul2025 21:02:01.703] [main/ERROR] [net.minecraft.Util/]: Entity cataclysm_spellbooks:extended_death_laser_beam has no attributes
[28Jul2025 21:02:01.704] [main/ERROR] [net.minecraft.Util/]: Entity cataclysm_spellbooks:extended_laser_beam has no attributes
[28Jul2025 21:02:01.704] [main/ERROR] [net.minecraft.Util/]: Entity cataclysm_spellbooks:extended_death_laser_beam has no attributes
[28Jul2025 21:02:01.704] [main/ERROR] [net.minecraft.Util/]: Entity cataclysm_spellbooks:extended_laser_beam has no attributes
[28Jul2025 21:02:01.704] [main/ERROR] [net.minecraft.Util/]: Entity cataclysm_spellbooks:extended_death_laser_beam has no attributes
[28Jul2025 21:02:01.704] [main/ERROR] [net.minecraft.Util/]: Entity cataclysm_spellbooks:extended_laser_beam has no attributes
[28Jul2025 21:02:01.704] [main/ERROR] [net.minecraft.Util/]: Entity cataclysm_spellbooks:extended_death_laser_beam has no attributes
[28Jul2025 21:02:01.704] [main/ERROR] [net.minecraft.Util/]: Entity cataclysm_spellbooks:extended_laser_beam has no attributes
[28Jul2025 21:02:01.705] [main/ERROR] [net.minecraft.Util/]: Entity cataclysm_spellbooks:extended_death_laser_beam has no attributes
[28Jul2025 21:02:01.705] [main/ERROR] [net.minecraft.Util/]: Entity cataclysm_spellbooks:extended_laser_beam has no attributes
[28Jul2025 21:02:01.705] [main/ERROR] [net.minecraft.Util/]: Entity cataclysm_spellbooks:extended_death_laser_beam has no attributes
[28Jul2025 21:02:01.705] [main/ERROR] [net.minecraft.Util/]: Entity cataclysm_spellbooks:extended_laser_beam has no attributes
[28Jul2025 21:02:01.705] [main/ERROR] [net.minecraft.Util/]: Entity cataclysm_spellbooks:extended_death_laser_beam has no attributes
[28Jul2025 21:02:01.705] [main/ERROR] [net.minecraft.Util/]: Entity cataclysm_spellbooks:extended_laser_beam has no attributes
[28Jul2025 21:02:01.705] [main/ERROR] [net.minecraft.Util/]: Entity cataclysm_spellbooks:extended_death_laser_beam has no attributes
[28Jul2025 21:02:01.706] [main/ERROR] [net.minecraft.Util/]: Entity cataclysm_spellbooks:extended_laser_beam has no attributes
[28Jul2025 21:02:01.706] [main/ERROR] [net.minecraft.Util/]: Entity cataclysm_spellbooks:extended_death_laser_beam has no attributes
[28Jul2025 21:02:01.706] [main/ERROR] [net.minecraft.Util/]: Entity cataclysm_spellbooks:extended_laser_beam has no attributes
[28Jul2025 21:02:01.706] [main/ERROR] [net.minecraft.Util/]: Entity cataclysm_spellbooks:extended_death_laser_beam has no attributes
[28Jul2025 21:02:01.706] [main/ERROR] [net.minecraft.Util/]: Entity cataclysm_spellbooks:extended_laser_beam has no attributes
[28Jul2025 21:02:01.706] [main/ERROR] [net.minecraft.Util/]: Entity cataclysm_spellbooks:extended_death_laser_beam has no attributes
[28Jul2025 21:02:01.706] [main/ERROR] [net.minecraft.Util/]: Entity cataclysm_spellbooks:extended_laser_beam has no attributes
[28Jul2025 21:02:01.706] [main/ERROR] [net.minecraft.Util/]: Entity cataclysm_spellbooks:extended_death_laser_beam has no attributes
[28Jul2025 21:02:01.707] [main/ERROR] [net.minecraft.Util/]: Entity cataclysm_spellbooks:extended_laser_beam has no attributes
[28Jul2025 21:02:01.707] [main/ERROR] [net.minecraft.Util/]: Entity cataclysm_spellbooks:extended_death_laser_beam has no attributes
[28Jul2025 21:02:01.707] [main/ERROR] [net.minecraft.Util/]: Entity cataclysm_spellbooks:extended_laser_beam has no attributes
[28Jul2025 21:02:01.707] [main/ERROR] [net.minecraft.Util/]: Entity cataclysm_spellbooks:extended_death_laser_beam has no attributes
[28Jul2025 21:02:01.707] [main/ERROR] [net.minecraft.Util/]: Entity cataclysm_spellbooks:extended_laser_beam has no attributes
[28Jul2025 21:02:01.707] [main/ERROR] [net.minecraft.Util/]: Entity cataclysm_spellbooks:extended_death_laser_beam has no attributes
[28Jul2025 21:02:01.708] [main/ERROR] [net.minecraft.Util/]: Entity cataclysm_spellbooks:extended_laser_beam has no attributes
[28Jul2025 21:02:01.708] [main/ERROR] [net.minecraft.Util/]: Entity cataclysm_spellbooks:extended_death_laser_beam has no attributes
[28Jul2025 21:02:01.708] [main/ERROR] [net.minecraft.Util/]: Entity cataclysm_spellbooks:extended_laser_beam has no attributes
[28Jul2025 21:02:01.708] [main/ERROR] [net.minecraft.Util/]: Entity cataclysm_spellbooks:extended_death_laser_beam has no attributes
[28Jul2025 21:02:01.708] [main/ERROR] [net.minecraft.Util/]: Entity cataclysm_spellbooks:extended_laser_beam has no attributes
[28Jul2025 21:02:01.708] [main/ERROR] [net.minecraft.Util/]: Entity cataclysm_spellbooks:extended_death_laser_beam has no attributes
[28Jul2025 21:02:01.708] [main/ERROR] [net.minecraft.Util/]: Entity cataclysm_spellbooks:extended_laser_beam has no attributes
[28Jul2025 21:02:01.708] [main/ERROR] [net.minecraft.Util/]: Entity cataclysm_spellbooks:extended_death_laser_beam has no attributes
[28Jul2025 21:02:01.709] [main/ERROR] [net.minecraft.Util/]: Entity cataclysm_spellbooks:extended_laser_beam has no attributes
[28Jul2025 21:02:01.709] [main/ERROR] [net.minecraft.Util/]: Entity cataclysm_spellbooks:extended_death_laser_beam has no attributes
[28Jul2025 21:02:01.709] [main/ERROR] [net.minecraft.Util/]: Entity cataclysm_spellbooks:extended_laser_beam has no attributes
[28Jul2025 21:02:01.709] [main/ERROR] [net.minecraft.Util/]: Entity cataclysm_spellbooks:extended_death_laser_beam has no attributes
[28Jul2025 21:02:01.709] [main/ERROR] [net.minecraft.Util/]: Entity cataclysm_spellbooks:extended_laser_beam has no attributes
[28Jul2025 21:02:01.709] [main/ERROR] [net.minecraft.Util/]: Entity cataclysm_spellbooks:extended_death_laser_beam has no attributes
[28Jul2025 21:02:01.852] [main/ERROR] [net.minecraft.Util/]: Entity cataclysm_spellbooks:extended_laser_beam has no attributes
[28Jul2025 21:02:01.852] [main/ERROR] [net.minecraft.Util/]: Entity cataclysm_spellbooks:extended_death_laser_beam has no attributes
[28Jul2025 21:02:01.852] [main/ERROR] [net.minecraft.Util/]: Entity cataclysm_spellbooks:extended_laser_beam has no attributes
[28Jul2025 21:02:01.852] [main/ERROR] [net.minecraft.Util/]: Entity cataclysm_spellbooks:extended_death_laser_beam has no attributes
[28Jul2025 21:02:01.852] [main/ERROR] [net.minecraft.Util/]: Entity cataclysm_spellbooks:extended_laser_beam has no attributes
[28Jul2025 21:02:01.853] [main/ERROR] [net.minecraft.Util/]: Entity cataclysm_spellbooks:extended_death_laser_beam has no attributes
[28Jul2025 21:02:01.853] [main/ERROR] [net.minecraft.Util/]: Entity cataclysm_spellbooks:extended_laser_beam has no attributes
[28Jul2025 21:02:01.853] [main/ERROR] [net.minecraft.Util/]: Entity cataclysm_spellbooks:extended_death_laser_beam has no attributes
[28Jul2025 21:02:01.853] [main/ERROR] [net.minecraft.Util/]: Entity cataclysm_spellbooks:extended_laser_beam has no attributes
[28Jul2025 21:02:01.853] [main/ERROR] [net.minecraft.Util/]: Entity cataclysm_spellbooks:extended_death_laser_beam has no attributes
[28Jul2025 21:02:01.853] [main/ERROR] [net.minecraft.Util/]: Entity cataclysm_spellbooks:extended_laser_beam has no attributes
[28Jul2025 21:02:01.854] [main/ERROR] [net.minecraft.Util/]: Entity cataclysm_spellbooks:extended_death_laser_beam has no attributes
[28Jul2025 21:02:01.854] [main/ERROR] [net.minecraft.Util/]: Entity cataclysm_spellbooks:extended_laser_beam has no attributes
[28Jul2025 21:02:01.854] [main/ERROR] [net.minecraft.Util/]: Entity cataclysm_spellbooks:extended_death_laser_beam has no attributes
[28Jul2025 21:02:01.854] [main/ERROR] [net.minecraft.Util/]: Entity cataclysm_spellbooks:extended_laser_beam has no attributes
[28Jul2025 21:02:01.854] [main/ERROR] [net.minecraft.Util/]: Entity cataclysm_spellbooks:extended_death_laser_beam has no attributes
[28Jul2025 21:02:01.854] [main/ERROR] [net.minecraft.Util/]: Entity cataclysm_spellbooks:extended_laser_beam has no attributes
[28Jul2025 21:02:01.855] [main/ERROR] [net.minecraft.Util/]: Entity cataclysm_spellbooks:extended_death_laser_beam has no attributes
[28Jul2025 21:02:01.855] [main/ERROR] [net.minecraft.Util/]: Entity cataclysm_spellbooks:extended_laser_beam has no attributes
[28Jul2025 21:02:01.855] [main/ERROR] [net.minecraft.Util/]: Entity cataclysm_spellbooks:extended_death_laser_beam has no attributes
[28Jul2025 21:02:01.855] [main/ERROR] [net.minecraft.Util/]: Entity cataclysm_spellbooks:extended_laser_beam has no attributes
[28Jul2025 21:02:01.855] [main/ERROR] [net.minecraft.Util/]: Entity cataclysm_spellbooks:extended_death_laser_beam has no attributes
[28Jul2025 21:02:01.855] [main/ERROR] [net.minecraft.Util/]: Entity cataclysm_spellbooks:extended_laser_beam has no attributes
[28Jul2025 21:02:01.855] [main/ERROR] [net.minecraft.Util/]: Entity cataclysm_spellbooks:extended_death_laser_beam has no attributes
[28Jul2025 21:02:01.856] [main/ERROR] [net.minecraft.Util/]: Entity cataclysm_spellbooks:extended_laser_beam has no attributes
[28Jul2025 21:02:01.856] [main/ERROR] [net.minecraft.Util/]: Entity cataclysm_spellbooks:extended_death_laser_beam has no attributes
[28Jul2025 21:02:01.856] [main/ERROR] [net.minecraft.Util/]: Entity cataclysm_spellbooks:extended_laser_beam has no attributes
[28Jul2025 21:02:01.856] [main/ERROR] [net.minecraft.Util/]: Entity cataclysm_spellbooks:extended_death_laser_beam has no attributes
[28Jul2025 21:02:01.856] [main/ERROR] [net.minecraft.Util/]: Entity cataclysm_spellbooks:extended_laser_beam has no attributes
[28Jul2025 21:02:01.856] [main/ERROR] [net.minecraft.Util/]: Entity cataclysm_spellbooks:extended_death_laser_beam has no attributes
[28Jul2025 21:02:01.856] [main/ERROR] [net.minecraft.Util/]: Entity cataclysm_spellbooks:extended_laser_beam has no attributes
[28Jul2025 21:02:01.856] [main/ERROR] [net.minecraft.Util/]: Entity cataclysm_spellbooks:extended_death_laser_beam has no attributes
[28Jul2025 21:02:01.857] [main/ERROR] [net.minecraft.Util/]: Entity cataclysm_spellbooks:extended_laser_beam has no attributes
[28Jul2025 21:02:01.857] [main/ERROR] [net.minecraft.Util/]: Entity cataclysm_spellbooks:extended_death_laser_beam has no attributes
[28Jul2025 21:02:01.857] [main/ERROR] [net.minecraft.Util/]: Entity cataclysm_spellbooks:extended_laser_beam has no attributes
[28Jul2025 21:02:01.857] [main/ERROR] [net.minecraft.Util/]: Entity cataclysm_spellbooks:extended_death_laser_beam has no attributes
[28Jul2025 21:02:01.857] [main/ERROR] [net.minecraft.Util/]: Entity cataclysm_spellbooks:extended_laser_beam has no attributes
[28Jul2025 21:02:01.857] [main/ERROR] [net.minecraft.Util/]: Entity cataclysm_spellbooks:extended_death_laser_beam has no attributes
[28Jul2025 21:02:01.857] [main/ERROR] [net.minecraft.Util/]: Entity cataclysm_spellbooks:extended_laser_beam has no attributes
[28Jul2025 21:02:01.857] [main/ERROR] [net.minecraft.Util/]: Entity cataclysm_spellbooks:extended_death_laser_beam has no attributes
[28Jul2025 21:02:01.858] [main/ERROR] [net.minecraft.Util/]: Entity cataclysm_spellbooks:extended_laser_beam has no attributes
[28Jul2025 21:02:01.858] [main/ERROR] [net.minecraft.Util/]: Entity cataclysm_spellbooks:extended_death_laser_beam has no attributes
[28Jul2025 21:02:01.858] [main/ERROR] [net.minecraft.Util/]: Entity cataclysm_spellbooks:extended_laser_beam has no attributes
[28Jul2025 21:02:01.858] [main/ERROR] [net.minecraft.Util/]: Entity cataclysm_spellbooks:extended_death_laser_beam has no attributes
[28Jul2025 21:02:01.858] [main/ERROR] [net.minecraft.Util/]: Entity cataclysm_spellbooks:extended_laser_beam has no attributes
[28Jul2025 21:02:01.859] [main/ERROR] [net.minecraft.Util/]: Entity cataclysm_spellbooks:extended_death_laser_beam has no attributes
[28Jul2025 21:02:01.859] [main/ERROR] [net.minecraft.Util/]: Entity cataclysm_spellbooks:extended_laser_beam has no attributes
[28Jul2025 21:02:01.859] [main/ERROR] [net.minecraft.Util/]: Entity cataclysm_spellbooks:extended_death_laser_beam has no attributes
[28Jul2025 21:02:01.859] [main/ERROR] [net.minecraft.Util/]: Entity cataclysm_spellbooks:extended_laser_beam has no attributes
[28Jul2025 21:02:01.859] [main/ERROR] [net.minecraft.Util/]: Entity cataclysm_spellbooks:extended_death_laser_beam has no attributes
[28Jul2025 21:02:01.859] [main/ERROR] [net.minecraft.Util/]: Entity cataclysm_spellbooks:extended_laser_beam has no attributes
[28Jul2025 21:02:01.860] [main/ERROR] [net.minecraft.Util/]: Entity cataclysm_spellbooks:extended_death_laser_beam has no attributes
[28Jul2025 21:02:01.860] [main/ERROR] [net.minecraft.Util/]: Entity cataclysm_spellbooks:extended_laser_beam has no attributes
[28Jul2025 21:02:01.860] [main/ERROR] [net.minecraft.Util/]: Entity cataclysm_spellbooks:extended_death_laser_beam has no attributes
[28Jul2025 21:02:01.860] [main/ERROR] [net.minecraft.Util/]: Entity cataclysm_spellbooks:extended_laser_beam has no attributes
[28Jul2025 21:02:01.860] [main/ERROR] [net.minecraft.Util/]: Entity cataclysm_spellbooks:extended_death_laser_beam has no attributes
[28Jul2025 21:02:01.860] [main/ERROR] [net.minecraft.Util/]: Entity cataclysm_spellbooks:extended_laser_beam has no attributes
[28Jul2025 21:02:01.860] [main/ERROR] [net.minecraft.Util/]: Entity cataclysm_spellbooks:extended_death_laser_beam has no attributes
[28Jul2025 21:02:01.861] [main/ERROR] [net.minecraft.Util/]: Entity cataclysm_spellbooks:extended_laser_beam has no attributes
[28Jul2025 21:02:01.861] [main/ERROR] [net.minecraft.Util/]: Entity cataclysm_spellbooks:extended_death_laser_beam has no attributes
[28Jul2025 21:02:01.861] [main/ERROR] [net.minecraft.Util/]: Entity cataclysm_spellbooks:extended_laser_beam has no attributes
[28Jul2025 21:02:01.861] [main/ERROR] [net.minecraft.Util/]: Entity cataclysm_spellbooks:extended_death_laser_beam has no attributes
[28Jul2025 21:02:01.861] [main/ERROR] [net.minecraft.Util/]: Entity cataclysm_spellbooks:extended_laser_beam has no attributes
[28Jul2025 21:02:01.861] [main/ERROR] [net.minecraft.Util/]: Entity cataclysm_spellbooks:extended_death_laser_beam has no attributes
[28Jul2025 21:02:01.861] [main/ERROR] [net.minecraft.Util/]: Entity cataclysm_spellbooks:extended_laser_beam has no attributes
[28Jul2025 21:02:01.861] [main/ERROR] [net.minecraft.Util/]: Entity cataclysm_spellbooks:extended_death_laser_beam has no attributes
[28Jul2025 21:02:01.862] [main/ERROR] [net.minecraft.Util/]: Entity cataclysm_spellbooks:extended_laser_beam has no attributes
[28Jul2025 21:02:01.862] [main/ERROR] [net.minecraft.Util/]: Entity cataclysm_spellbooks:extended_death_laser_beam has no attributes
[28Jul2025 21:02:01.862] [main/ERROR] [net.minecraft.Util/]: Entity cataclysm_spellbooks:extended_laser_beam has no attributes
[28Jul2025 21:02:01.862] [main/ERROR] [net.minecraft.Util/]: Entity cataclysm_spellbooks:extended_death_laser_beam has no attributes
[28Jul2025 21:02:01.862] [main/ERROR] [net.minecraft.Util/]: Entity cataclysm_spellbooks:extended_laser_beam has no attributes
[28Jul2025 21:02:01.862] [main/ERROR] [net.minecraft.Util/]: Entity cataclysm_spellbooks:extended_death_laser_beam has no attributes
[28Jul2025 21:02:01.862] [main/ERROR] [net.minecraft.Util/]: Entity cataclysm_spellbooks:extended_laser_beam has no attributes
[28Jul2025 21:02:01.862] [main/ERROR] [net.minecraft.Util/]: Entity cataclysm_spellbooks:extended_death_laser_beam has no attributes
[28Jul2025 21:02:01.863] [main/ERROR] [net.minecraft.Util/]: Entity cataclysm_spellbooks:extended_laser_beam has no attributes
[28Jul2025 21:02:01.863] [main/ERROR] [net.minecraft.Util/]: Entity cataclysm_spellbooks:extended_death_laser_beam has no attributes
[28Jul2025 21:02:01.863] [main/ERROR] [net.minecraft.Util/]: Entity cataclysm_spellbooks:extended_laser_beam has no attributes
[28Jul2025 21:02:01.863] [main/ERROR] [net.minecraft.Util/]: Entity cataclysm_spellbooks:extended_death_laser_beam has no attributes
[28Jul2025 21:02:01.863] [main/ERROR] [net.minecraft.Util/]: Entity cataclysm_spellbooks:extended_laser_beam has no attributes
[28Jul2025 21:02:01.863] [main/ERROR] [net.minecraft.Util/]: Entity cataclysm_spellbooks:extended_death_laser_beam has no attributes
[28Jul2025 21:02:01.863] [main/ERROR] [net.minecraft.Util/]: Entity cataclysm_spellbooks:extended_laser_beam has no attributes
[28Jul2025 21:02:01.863] [main/ERROR] [net.minecraft.Util/]: Entity cataclysm_spellbooks:extended_death_laser_beam has no attributes
[28Jul2025 21:02:01.864] [main/ERROR] [net.minecraft.Util/]: Entity cataclysm_spellbooks:extended_laser_beam has no attributes
[28Jul2025 21:02:01.864] [main/ERROR] [net.minecraft.Util/]: Entity cataclysm_spellbooks:extended_death_laser_beam has no attributes
[28Jul2025 21:02:01.864] [main/ERROR] [net.minecraft.Util/]: Entity cataclysm_spellbooks:extended_laser_beam has no attributes
[28Jul2025 21:02:01.864] [main/ERROR] [net.minecraft.Util/]: Entity cataclysm_spellbooks:extended_death_laser_beam has no attributes
[28Jul2025 21:02:01.864] [main/ERROR] [net.minecraft.Util/]: Entity cataclysm_spellbooks:extended_laser_beam has no attributes
[28Jul2025 21:02:01.864] [main/ERROR] [net.minecraft.Util/]: Entity cataclysm_spellbooks:extended_death_laser_beam has no attributes
[28Jul2025 21:02:01.865] [main/ERROR] [net.minecraft.Util/]: Entity cataclysm_spellbooks:extended_laser_beam has no attributes
[28Jul2025 21:02:01.865] [main/ERROR] [net.minecraft.Util/]: Entity cataclysm_spellbooks:extended_death_laser_beam has no attributes
[28Jul2025 21:02:01.865] [main/ERROR] [net.minecraft.Util/]: Entity cataclysm_spellbooks:extended_laser_beam has no attributes
[28Jul2025 21:02:01.865] [main/ERROR] [net.minecraft.Util/]: Entity cataclysm_spellbooks:extended_death_laser_beam has no attributes
[28Jul2025 21:02:01.865] [main/ERROR] [net.minecraft.Util/]: Entity cataclysm_spellbooks:extended_laser_beam has no attributes
[28Jul2025 21:02:01.865] [main/ERROR] [net.minecraft.Util/]: Entity cataclysm_spellbooks:extended_death_laser_beam has no attributes
[28Jul2025 21:02:01.865] [main/ERROR] [net.minecraft.Util/]: Entity cataclysm_spellbooks:extended_laser_beam has no attributes
[28Jul2025 21:02:01.865] [main/ERROR] [net.minecraft.Util/]: Entity cataclysm_spellbooks:extended_death_laser_beam has no attributes
[28Jul2025 21:02:01.866] [main/ERROR] [net.minecraft.Util/]: Entity cataclysm_spellbooks:extended_laser_beam has no attributes
[28Jul2025 21:02:01.866] [main/ERROR] [net.minecraft.Util/]: Entity cataclysm_spellbooks:extended_death_laser_beam has no attributes
[28Jul2025 21:02:01.866] [main/ERROR] [net.minecraft.Util/]: Entity cataclysm_spellbooks:extended_laser_beam has no attributes
[28Jul2025 21:02:01.866] [main/ERROR] [net.minecraft.Util/]: Entity cataclysm_spellbooks:extended_death_laser_beam has no attributes
[28Jul2025 21:02:01.866] [main/ERROR] [net.minecraft.Util/]: Entity cataclysm_spellbooks:extended_laser_beam has no attributes
[28Jul2025 21:02:01.866] [main/ERROR] [net.minecraft.Util/]: Entity cataclysm_spellbooks:extended_death_laser_beam has no attributes
[28Jul2025 21:02:01.867] [main/ERROR] [net.minecraft.Util/]: Entity cataclysm_spellbooks:extended_laser_beam has no attributes
[28Jul2025 21:02:01.867] [main/ERROR] [net.minecraft.Util/]: Entity cataclysm_spellbooks:extended_death_laser_beam has no attributes
[28Jul2025 21:02:01.867] [main/ERROR] [net.minecraft.Util/]: Entity cataclysm_spellbooks:extended_laser_beam has no attributes
[28Jul2025 21:02:01.867] [main/ERROR] [net.minecraft.Util/]: Entity cataclysm_spellbooks:extended_death_laser_beam has no attributes
[28Jul2025 21:02:01.867] [main/ERROR] [net.minecraft.Util/]: Entity cataclysm_spellbooks:extended_laser_beam has no attributes
[28Jul2025 21:02:01.867] [main/ERROR] [net.minecraft.Util/]: Entity cataclysm_spellbooks:extended_death_laser_beam has no attributes
[28Jul2025 21:02:01.867] [main/ERROR] [net.minecraft.Util/]: Entity cataclysm_spellbooks:extended_laser_beam has no attributes
[28Jul2025 21:02:01.867] [main/ERROR] [net.minecraft.Util/]: Entity cataclysm_spellbooks:extended_death_laser_beam has no attributes
[28Jul2025 21:02:01.867] [main/ERROR] [net.minecraft.Util/]: Entity cataclysm_spellbooks:extended_laser_beam has no attributes
[28Jul2025 21:02:01.868] [main/ERROR] [net.minecraft.Util/]: Entity cataclysm_spellbooks:extended_death_laser_beam has no attributes
[28Jul2025 21:02:01.868] [main/ERROR] [net.minecraft.Util/]: Entity cataclysm_spellbooks:extended_laser_beam has no attributes
[28Jul2025 21:02:01.868] [main/ERROR] [net.minecraft.Util/]: Entity cataclysm_spellbooks:extended_death_laser_beam has no attributes
[28Jul2025 21:02:01.868] [main/ERROR] [net.minecraft.Util/]: Entity cataclysm_spellbooks:extended_laser_beam has no attributes
[28Jul2025 21:02:01.868] [main/ERROR] [net.minecraft.Util/]: Entity cataclysm_spellbooks:extended_death_laser_beam has no attributes
[28Jul2025 21:02:01.868] [main/ERROR] [net.minecraft.Util/]: Entity cataclysm_spellbooks:extended_laser_beam has no attributes
[28Jul2025 21:02:01.868] [main/ERROR] [net.minecraft.Util/]: Entity cataclysm_spellbooks:extended_death_laser_beam has no attributes
[28Jul2025 21:02:01.868] [main/ERROR] [net.minecraft.Util/]: Entity cataclysm_spellbooks:extended_laser_beam has no attributes
[28Jul2025 21:02:01.868] [main/ERROR] [net.minecraft.Util/]: Entity cataclysm_spellbooks:extended_death_laser_beam has no attributes
[28Jul2025 21:02:01.869] [main/ERROR] [net.minecraft.Util/]: Entity cataclysm_spellbooks:extended_laser_beam has no attributes
[28Jul2025 21:02:01.869] [main/ERROR] [net.minecraft.Util/]: Entity cataclysm_spellbooks:extended_death_laser_beam has no attributes
[28Jul2025 21:02:01.869] [main/ERROR] [net.minecraft.Util/]: Entity cataclysm_spellbooks:extended_laser_beam has no attributes
[28Jul2025 21:02:01.869] [main/ERROR] [net.minecraft.Util/]: Entity cataclysm_spellbooks:extended_death_laser_beam has no attributes
[28Jul2025 21:02:01.869] [main/ERROR] [net.minecraft.Util/]: Entity cataclysm_spellbooks:extended_laser_beam has no attributes
[28Jul2025 21:02:01.869] [main/ERROR] [net.minecraft.Util/]: Entity cataclysm_spellbooks:extended_death_laser_beam has no attributes
[28Jul2025 21:02:01.869] [main/ERROR] [net.minecraft.Util/]: Entity cataclysm_spellbooks:extended_laser_beam has no attributes
[28Jul2025 21:02:01.870] [main/ERROR] [net.minecraft.Util/]: Entity cataclysm_spellbooks:extended_death_laser_beam has no attributes
[28Jul2025 21:02:01.870] [main/ERROR] [net.minecraft.Util/]: Entity cataclysm_spellbooks:extended_laser_beam has no attributes
[28Jul2025 21:02:01.870] [main/ERROR] [net.minecraft.Util/]: Entity cataclysm_spellbooks:extended_death_laser_beam has no attributes
[28Jul2025 21:02:01.870] [main/ERROR] [net.minecraft.Util/]: Entity cataclysm_spellbooks:extended_laser_beam has no attributes
[28Jul2025 21:02:01.870] [main/ERROR] [net.minecraft.Util/]: Entity cataclysm_spellbooks:extended_death_laser_beam has no attributes
[28Jul2025 21:02:01.870] [main/ERROR] [net.minecraft.Util/]: Entity cataclysm_spellbooks:extended_laser_beam has no attributes
[28Jul2025 21:02:01.870] [main/ERROR] [net.minecraft.Util/]: Entity cataclysm_spellbooks:extended_death_laser_beam has no attributes
[28Jul2025 21:02:01.870] [main/ERROR] [net.minecraft.Util/]: Entity cataclysm_spellbooks:extended_laser_beam has no attributes
[28Jul2025 21:02:01.870] [main/ERROR] [net.minecraft.Util/]: Entity cataclysm_spellbooks:extended_death_laser_beam has no attributes
[28Jul2025 21:02:01.871] [main/ERROR] [net.minecraft.Util/]: Entity cataclysm_spellbooks:extended_laser_beam has no attributes
[28Jul2025 21:02:01.871] [main/ERROR] [net.minecraft.Util/]: Entity cataclysm_spellbooks:extended_death_laser_beam has no attributes
[28Jul2025 21:02:01.871] [main/ERROR] [net.minecraft.Util/]: Entity cataclysm_spellbooks:extended_laser_beam has no attributes
[28Jul2025 21:02:01.871] [main/ERROR] [net.minecraft.Util/]: Entity cataclysm_spellbooks:extended_death_laser_beam has no attributes
[28Jul2025 21:02:01.872] [main/ERROR] [net.minecraft.Util/]: Entity cataclysm_spellbooks:extended_laser_beam has no attributes
[28Jul2025 21:02:01.872] [main/ERROR] [net.minecraft.Util/]: Entity cataclysm_spellbooks:extended_death_laser_beam has no attributes
[28Jul2025 21:02:01.872] [main/ERROR] [net.minecraft.Util/]: Entity cataclysm_spellbooks:extended_laser_beam has no attributes
[28Jul2025 21:02:01.872] [main/ERROR] [net.minecraft.Util/]: Entity cataclysm_spellbooks:extended_death_laser_beam has no attributes
[28Jul2025 21:02:01.872] [main/ERROR] [net.minecraft.Util/]: Entity cataclysm_spellbooks:extended_laser_beam has no attributes
[28Jul2025 21:02:01.872] [main/ERROR] [net.minecraft.Util/]: Entity cataclysm_spellbooks:extended_death_laser_beam has no attributes
[28Jul2025 21:02:01.872] [main/ERROR] [net.minecraft.Util/]: Entity cataclysm_spellbooks:extended_laser_beam has no attributes
[28Jul2025 21:02:01.872] [main/ERROR] [net.minecraft.Util/]: Entity cataclysm_spellbooks:extended_death_laser_beam has no attributes
[28Jul2025 21:02:01.873] [main/ERROR] [net.minecraft.Util/]: Entity cataclysm_spellbooks:extended_laser_beam has no attributes
[28Jul2025 21:02:01.873] [main/ERROR] [net.minecraft.Util/]: Entity cataclysm_spellbooks:extended_death_laser_beam has no attributes
[28Jul2025 21:02:01.873] [main/ERROR] [net.minecraft.Util/]: Entity cataclysm_spellbooks:extended_laser_beam has no attributes
[28Jul2025 21:02:01.873] [main/ERROR] [net.minecraft.Util/]: Entity cataclysm_spellbooks:extended_death_laser_beam has no attributes
[28Jul2025 21:02:01.873] [main/ERROR] [net.minecraft.Util/]: Entity cataclysm_spellbooks:extended_laser_beam has no attributes
[28Jul2025 21:02:01.873] [main/ERROR] [net.minecraft.Util/]: Entity cataclysm_spellbooks:extended_death_laser_beam has no attributes
[28Jul2025 21:02:01.873] [main/ERROR] [net.minecraft.Util/]: Entity cataclysm_spellbooks:extended_laser_beam has no attributes
[28Jul2025 21:02:01.873] [main/ERROR] [net.minecraft.Util/]: Entity cataclysm_spellbooks:extended_death_laser_beam has no attributes
[28Jul2025 21:02:01.874] [main/ERROR] [net.minecraft.Util/]: Entity cataclysm_spellbooks:extended_laser_beam has no attributes
[28Jul2025 21:02:01.874] [main/ERROR] [net.minecraft.Util/]: Entity cataclysm_spellbooks:extended_death_laser_beam has no attributes
[28Jul2025 21:02:01.874] [main/ERROR] [net.minecraft.Util/]: Entity cataclysm_spellbooks:extended_laser_beam has no attributes
[28Jul2025 21:02:01.874] [main/ERROR] [net.minecraft.Util/]: Entity cataclysm_spellbooks:extended_death_laser_beam has no attributes
[28Jul2025 21:02:01.874] [main/ERROR] [net.minecraft.Util/]: Entity cataclysm_spellbooks:extended_laser_beam has no attributes
[28Jul2025 21:02:01.874] [main/ERROR] [net.minecraft.Util/]: Entity cataclysm_spellbooks:extended_death_laser_beam has no attributes
[28Jul2025 21:02:01.874] [main/ERROR] [net.minecraft.Util/]: Entity cataclysm_spellbooks:extended_laser_beam has no attributes
[28Jul2025 21:02:01.874] [main/ERROR] [net.minecraft.Util/]: Entity cataclysm_spellbooks:extended_death_laser_beam has no attributes
[28Jul2025 21:02:01.875] [main/ERROR] [net.minecraft.Util/]: Entity cataclysm_spellbooks:extended_laser_beam has no attributes
[28Jul2025 21:02:01.875] [main/ERROR] [net.minecraft.Util/]: Entity cataclysm_spellbooks:extended_death_laser_beam has no attributes
[28Jul2025 21:02:01.875] [main/ERROR] [net.minecraft.Util/]: Entity cataclysm_spellbooks:extended_laser_beam has no attributes
[28Jul2025 21:02:01.875] [main/ERROR] [net.minecraft.Util/]: Entity cataclysm_spellbooks:extended_death_laser_beam has no attributes
[28Jul2025 21:02:01.875] [main/ERROR] [net.minecraft.Util/]: Entity cataclysm_spellbooks:extended_laser_beam has no attributes
[28Jul2025 21:02:01.875] [main/ERROR] [net.minecraft.Util/]: Entity cataclysm_spellbooks:extended_death_laser_beam has no attributes
[28Jul2025 21:02:01.875] [main/ERROR] [net.minecraft.Util/]: Entity cataclysm_spellbooks:extended_laser_beam has no attributes
[28Jul2025 21:02:01.875] [main/ERROR] [net.minecraft.Util/]: Entity cataclysm_spellbooks:extended_death_laser_beam has no attributes
[28Jul2025 21:02:01.875] [main/ERROR] [net.minecraft.Util/]: Entity cataclysm_spellbooks:extended_laser_beam has no attributes
[28Jul2025 21:02:01.876] [main/ERROR] [net.minecraft.Util/]: Entity cataclysm_spellbooks:extended_death_laser_beam has no attributes
[28Jul2025 21:02:01.876] [main/ERROR] [net.minecraft.Util/]: Entity cataclysm_spellbooks:extended_laser_beam has no attributes
[28Jul2025 21:02:01.876] [main/ERROR] [net.minecraft.Util/]: Entity cataclysm_spellbooks:extended_death_laser_beam has no attributes
[28Jul2025 21:02:02.108] [main/WARN] [net.minecraft.server.packs.VanillaPackResourcesBuilder/]: Assets URL 'union:/workspaces/SERVER-PRO12/servidor_minecraft/libraries/net/minecraft/server/1.20.1-20230612.114412/server-1.20.1-20230612.114412-srg.jar%23323!/assets/.mcassetsroot' uses unexpected schema
[28Jul2025 21:02:02.109] [main/WARN] [net.minecraft.server.packs.VanillaPackResourcesBuilder/]: Assets URL 'union:/workspaces/SERVER-PRO12/servidor_minecraft/libraries/net/minecraft/server/1.20.1-20230612.114412/server-1.20.1-20230612.114412-srg.jar%23323!/data/.mcassetsroot' uses unexpected schema
[28Jul2025 21:02:02.708] [main/INFO] [com.teamabnormals.blueprint.core.Blueprint/]: Successfully loaded 0 data remolders!
[28Jul2025 21:02:03.257] [main/INFO] [com.cupboard.Cupboard/]: Loaded config for: connectivity.json
[28Jul2025 21:02:04.198] [main/INFO] [Spartan Weaponry/]: Finished registering commands for Spartan Weaponry!
[28Jul2025 21:02:04.243] [main/INFO] [com.github.alexthe666.alexsmobs.AlexsMobs/]: Adding datapack listener capsid_recipes
[28Jul2025 21:02:04.437] [Worker-Main-3/ERROR] [net.minecraft.tags.TagLoader/]: Couldn't load tag traveloptics:magic_sword_weapon_type as it is missing following references: minecraft: (from traveloptics-5.3.1-1.20.1.jar)
[28Jul2025 21:02:04.449] [Worker-Main-3/ERROR] [net.minecraft.tags.TagLoader/]: Couldn't load tag aether_redux:swet_jelly as it is missing following references: aether_genesis:blue_swet_jelly (from aether-redux-2.0.18-1.20.1-neoforge.jar), 
	aether_genesis:golden_swet_jelly (from aether-redux-2.0.18-1.20.1-neoforge.jar), 
	aether_genesis:dark_swet_jelly (from aether-redux-2.0.18-1.20.1-neoforge.jar)
[28Jul2025 21:02:05.082] [Worker-Main-3/ERROR] [net.minecraftforge.common.ForgeHooks/]: Couldn't parse element loot_tables:ancient_aether:selectors/aerogetic_vase_loot
com.google.gson.JsonSyntaxException: Expected name to be an item, was unknown string 'ancient_aether:grapes'
	at net.minecraft.util.GsonHelper.m_13866_(GsonHelper.java:145) ~[server-1.20.1-20230612.114412-srg.jar%23323!/:?]
	at java.util.Optional.orElseThrow(Optional.java:403) ~[?:?]
	at net.minecraft.util.GsonHelper.m_13874_(GsonHelper.java:145) ~[server-1.20.1-20230612.114412-srg.jar%23323!/:?]
	at net.minecraft.util.GsonHelper.m_13909_(GsonHelper.java:153) ~[server-1.20.1-20230612.114412-srg.jar%23323!/:?]
	at net.minecraft.world.level.storage.loot.entries.LootItem$Serializer.m_7267_(LootItem.java:55) ~[server-1.20.1-20230612.114412-srg.jar%23323!/:?]
	at net.minecraft.world.level.storage.loot.entries.LootItem$Serializer.m_7267_(LootItem.java:40) ~[server-1.20.1-20230612.114412-srg.jar%23323!/:?]
	at net.minecraft.world.level.storage.loot.entries.LootPoolSingletonContainer$Serializer.m_5921_(LootPoolSingletonContainer.java:151) ~[server-1.20.1-20230612.114412-srg.jar%23323!/:?]
	at net.minecraft.world.level.storage.loot.entries.LootPoolSingletonContainer$Serializer.m_5921_(LootPoolSingletonContainer.java:129) ~[server-1.20.1-20230612.114412-srg.jar%23323!/:?]
	at net.minecraft.world.level.storage.loot.entries.LootPoolEntryContainer$Serializer.m_7561_(LootPoolEntryContainer.java:86) ~[server-1.20.1-20230612.114412-srg.jar%23323!/:?]
	at net.minecraft.world.level.storage.loot.entries.LootPoolEntryContainer$Serializer.m_7561_(LootPoolEntryContainer.java:74) ~[server-1.20.1-20230612.114412-srg.jar%23323!/:?]
	at net.minecraft.world.level.storage.loot.GsonAdapterFactory$JsonAdapter.deserialize(GsonAdapterFactory.java:102) ~[server-1.20.1-20230612.114412-srg.jar%23323!/:?]
	at com.google.gson.internal.bind.TreeTypeAdapter.read(TreeTypeAdapter.java:76) ~[gson-2.10.jar%2372!/:?]
	at com.google.gson.internal.bind.TypeAdapterRuntimeTypeWrapper.read(TypeAdapterRuntimeTypeWrapper.java:40) ~[gson-2.10.jar%2372!/:?]
	at com.google.gson.internal.bind.ArrayTypeAdapter.read(ArrayTypeAdapter.java:72) ~[gson-2.10.jar%2372!/:?]
	at com.google.gson.Gson.fromJson(Gson.java:1214) ~[gson-2.10.jar%2372!/:?]
	at com.google.gson.Gson.fromJson(Gson.java:1319) ~[gson-2.10.jar%2372!/:?]
	at com.google.gson.Gson.fromJson(Gson.java:1290) ~[gson-2.10.jar%2372!/:?]
	at com.google.gson.internal.bind.TreeTypeAdapter$GsonContextImpl.deserialize(TreeTypeAdapter.java:179) ~[gson-2.10.jar%2372!/:?]
	at net.minecraft.util.GsonHelper.m_13808_(GsonHelper.java:463) ~[server-1.20.1-20230612.114412-srg.jar%23323!/:?]
	at net.minecraft.util.GsonHelper.m_13836_(GsonHelper.java:471) ~[server-1.20.1-20230612.114412-srg.jar%23323!/:?]
	at net.minecraft.world.level.storage.loot.LootPool$Serializer.deserialize(LootPool.java:192) ~[server-1.20.1-20230612.114412-srg.jar%23323!/:?]
	at net.minecraft.world.level.storage.loot.LootPool$Serializer.deserialize(LootPool.java:189) ~[server-1.20.1-20230612.114412-srg.jar%23323!/:?]
	at com.google.gson.internal.bind.TreeTypeAdapter.read(TreeTypeAdapter.java:76) ~[gson-2.10.jar%2372!/:?]
	at com.google.gson.internal.bind.TypeAdapterRuntimeTypeWrapper.read(TypeAdapterRuntimeTypeWrapper.java:40) ~[gson-2.10.jar%2372!/:?]
	at com.google.gson.internal.bind.ArrayTypeAdapter.read(ArrayTypeAdapter.java:72) ~[gson-2.10.jar%2372!/:?]
	at com.google.gson.Gson.fromJson(Gson.java:1214) ~[gson-2.10.jar%2372!/:?]
	at com.google.gson.Gson.fromJson(Gson.java:1319) ~[gson-2.10.jar%2372!/:?]
	at com.google.gson.Gson.fromJson(Gson.java:1290) ~[gson-2.10.jar%2372!/:?]
	at com.google.gson.internal.bind.TreeTypeAdapter$GsonContextImpl.deserialize(TreeTypeAdapter.java:179) ~[gson-2.10.jar%2372!/:?]
	at net.minecraft.util.GsonHelper.m_13808_(GsonHelper.java:463) ~[server-1.20.1-20230612.114412-srg.jar%23323!/:?]
	at net.minecraft.util.GsonHelper.m_13845_(GsonHelper.java:481) ~[server-1.20.1-20230612.114412-srg.jar%23323!/:?]
	at net.minecraft.world.level.storage.loot.LootTable$Serializer.deserialize(LootTable.java:294) ~[server-1.20.1-20230612.114412-srg.jar%23323!/:?]
	at net.minecraft.world.level.storage.loot.LootTable$Serializer.deserialize(LootTable.java:291) ~[server-1.20.1-20230612.114412-srg.jar%23323!/:?]
	at com.google.gson.internal.bind.TreeTypeAdapter.read(TreeTypeAdapter.java:76) ~[gson-2.10.jar%2372!/:?]
	at com.google.gson.Gson.fromJson(Gson.java:1214) ~[gson-2.10.jar%2372!/:?]
	at com.google.gson.Gson.fromJson(Gson.java:1319) ~[gson-2.10.jar%2372!/:?]
	at com.google.gson.Gson.fromJson(Gson.java:1261) ~[gson-2.10.jar%2372!/:?]
	at net.minecraftforge.common.ForgeHooks.loadLootTable(ForgeHooks.java:871) ~[forge-1.20.1-47.4.0-universal.jar%23328!/:?]
	at net.minecraftforge.common.ForgeHooks.lambda$getLootTableDeserializer$3(ForgeHooks.java:848) ~[forge-1.20.1-47.4.0-universal.jar%23328!/:?]
	at net.minecraft.world.level.storage.loot.LootDataType.deserialize(LootDataType.java:45) ~[server-1.20.1-20230612.114412-srg.jar%23323!/:?]
	at net.minecraft.world.level.storage.loot.LootDataManager.lambda$scheduleElementParse$4(LootDataManager.java:56) ~[server-1.20.1-20230612.114412-srg.jar%23323!/:?]
	at java.util.HashMap.forEach(HashMap.java:1429) ~[?:?]
	at net.minecraft.world.level.storage.loot.LootDataManager.m_278660_(LootDataManager.java:55) ~[server-1.20.1-20230612.114412-srg.jar%23323!/:?]
	at java.util.concurrent.CompletableFuture$AsyncRun.run(CompletableFuture.java:1804) ~[?:?]
	at java.util.concurrent.CompletableFuture$AsyncRun.exec(CompletableFuture.java:1796) ~[?:?]
	at java.util.concurrent.ForkJoinTask.doExec(ForkJoinTask.java:387) ~[?:?]
	at java.util.concurrent.ForkJoinPool$WorkQueue.topLevelExec(ForkJoinPool.java:1312) ~[?:?]
	at java.util.concurrent.ForkJoinPool.scan(ForkJoinPool.java:1843) ~[?:?]
	at java.util.concurrent.ForkJoinPool.runWorker(ForkJoinPool.java:1808) ~[?:?]
	at java.util.concurrent.ForkJoinWorkerThread.run(ForkJoinWorkerThread.java:188) ~[?:?]
[28Jul2025 21:02:05.181] [Worker-Main-3/INFO] [Spartan Weaponry/]: Adding Diamond Weapons to the End City Treasure Loot Table!
[28Jul2025 21:02:05.251] [Worker-Main-3/INFO] [Spartan Weaponry/]: Adding Longbow and Heavy Crossbow related loot to the Village Fletcher Loot Table!
[28Jul2025 21:02:06.040] [Worker-Main-3/INFO] [Spartan Weaponry/]: Adding Iron Weapons to the Village Weaponsmith Loot Table!
[28Jul2025 21:02:06.138] [main/INFO] [com.teamabnormals.blueprint.core.Blueprint/]: Loot Modification Manager has loaded 6 modifier groups
[28Jul2025 21:02:06.213] [main/WARN] [net.minecraft.world.level.storage.loot.LootDataManager/]: Found loot table element validation problem in {loot_tables:mofus_better_end_:entities/bloodworm}.pools[0].entries[1].functions[1]: Parameters [<parameter minecraft:tool>] are not provided in this context
[28Jul2025 21:02:06.213] [main/WARN] [net.minecraft.world.level.storage.loot.LootDataManager/]: Found loot table element validation problem in {loot_tables:mofus_better_end_:entities/bloodworm}.pools[0].entries[0].functions[1]: Parameters [<parameter minecraft:tool>] are not provided in this context
[28Jul2025 21:02:06.213] [main/WARN] [net.minecraft.world.level.storage.loot.LootDataManager/]: Found loot table element validation problem in {loot_tables:born_in_chaos_v1:entities/pumpkinhead}.pools[1].entries[2].functions[1]: Parameters [<parameter minecraft:tool>] are not provided in this context
[28Jul2025 21:02:06.213] [main/WARN] [net.minecraft.world.level.storage.loot.LootDataManager/]: Found loot table element validation problem in {loot_tables:mofus_better_end_:entities/crown_squid}.pools[0].entries[1].functions[1]: Parameters [<parameter minecraft:tool>] are not provided in this context
[28Jul2025 21:02:06.213] [main/WARN] [net.minecraft.world.level.storage.loot.LootDataManager/]: Found loot table element validation problem in {loot_tables:born_in_chaos_v1:entities/pumpkinhead}.pools[1].entries[1].functions[1]: Parameters [<parameter minecraft:tool>] are not provided in this context
[28Jul2025 21:02:06.213] [main/WARN] [net.minecraft.world.level.storage.loot.LootDataManager/]: Found loot table element validation problem in {loot_tables:born_in_chaos_v1:entities/pumpkinhead}.pools[1].entries[0].functions[1]: Parameters [<parameter minecraft:tool>] are not provided in this context
[28Jul2025 21:02:06.213] [main/WARN] [net.minecraft.world.level.storage.loot.LootDataManager/]: Found loot table element validation problem in {loot_tables:alexsmobs:gameplay/seal_reward}.pools[0].entries[0]->{minecraft:gameplay/fishing/junk}.pools[1].condition[1]: Parameters [<parameter minecraft:origin>] are not provided in this context
[28Jul2025 21:02:06.249] [main/INFO] [net.minecraft.world.item.crafting.RecipeManager/]: Skipping loading recipe upgrade_aquatic:driftwood_furnace_boat as it's serializer returned null
[28Jul2025 21:02:06.263] [main/INFO] [net.minecraft.world.item.crafting.RecipeManager/]: Skipping loading recipe upgrade_aquatic:river_door_from_river_logs_sawing as it's serializer returned null
[28Jul2025 21:02:06.285] [main/INFO] [net.minecraft.world.item.crafting.RecipeManager/]: Skipping loading recipe upgrade_aquatic:driftwood_boards_from_driftwood_logs_sawing as it's serializer returned null
[28Jul2025 21:02:06.287] [main/INFO] [net.minecraft.world.item.crafting.RecipeManager/]: Skipping loading recipe aether_redux:glacia_wood_wall as it's serializer returned null
[28Jul2025 21:02:06.287] [main/INFO] [net.minecraft.world.item.crafting.RecipeManager/]: Skipping loading recipe upgrade_aquatic:kelpy_cobblestone_brick_stairs_from_kelpy_cobblestone_stonecutting as it's serializer returned null
[28Jul2025 21:02:06.287] [main/INFO] [net.minecraft.world.item.crafting.RecipeManager/]: Skipping loading recipe upgrade_aquatic:river_slab_from_river_logs_sawing as it's serializer returned null
[28Jul2025 21:02:06.288] [main/INFO] [net.minecraft.world.item.crafting.RecipeManager/]: Skipping loading recipe upgrade_aquatic:chiseled_river_bookshelf as it's serializer returned null
[28Jul2025 21:02:06.289] [main/INFO] [net.minecraft.world.item.crafting.RecipeManager/]: Skipping loading recipe aether_redux:crystal_log_wall as it's serializer returned null
[28Jul2025 21:02:06.302] [main/INFO] [Spartan Weaponry/]: Empty result tag:"forge:nuggets/invar" Skipping...
[28Jul2025 21:02:06.302] [main/INFO] [net.minecraft.world.item.crafting.RecipeManager/]: Skipping loading recipe spartanweaponry:invar_nugget_from_smelting_invar_weapons as it's serializer returned null
[28Jul2025 21:02:06.304] [main/INFO] [Spartan Weaponry/]: Empty result tag:"forge:nuggets/constantan" Skipping...
[28Jul2025 21:02:06.304] [main/INFO] [net.minecraft.world.item.crafting.RecipeManager/]: Skipping loading recipe spartanweaponry:constantan_nugget_from_smelting_constantan_weapons as it's serializer returned null
[28Jul2025 21:02:06.306] [main/INFO] [net.minecraft.world.item.crafting.RecipeManager/]: Skipping loading recipe upgrade_aquatic:kelpy_cobblestone_tile_slab_from_kelpy_cobblestone_tiles_stonecutting as it's serializer returned null
[28Jul2025 21:02:06.306] [main/INFO] [net.minecraft.world.item.crafting.RecipeManager/]: Skipping loading recipe enderio:ae_covered_dense_cable as it's serializer returned null
[28Jul2025 21:02:06.306] [main/INFO] [net.minecraft.world.item.crafting.RecipeManager/]: Skipping loading recipe upgrade_aquatic:river_boards_from_river_planks_sawing as it's serializer returned null
[28Jul2025 21:02:06.318] [main/INFO] [net.minecraft.world.item.crafting.RecipeManager/]: Skipping loading recipe upgrade_aquatic:kelpy_cobblestone_tiles as it's serializer returned null
[28Jul2025 21:02:06.322] [main/INFO] [net.minecraft.world.item.crafting.RecipeManager/]: Skipping loading recipe upgrade_aquatic:river_furnace_boat as it's serializer returned null
[28Jul2025 21:02:06.327] [main/INFO] [net.minecraft.world.item.crafting.RecipeManager/]: Skipping loading recipe twilightforest:jeed/hunger as it's serializer returned null
[28Jul2025 21:02:06.331] [main/ERROR] [net.minecraft.world.item.crafting.RecipeManager/]: Parsing error loading recipe aether_redux:genesis_dark_gummy_swet: com.google.gson.JsonSyntaxException: Unknown item 'aether_genesis:dark_swet_ball'
[28Jul2025 21:02:06.338] [main/INFO] [net.minecraft.world.item.crafting.RecipeManager/]: Skipping loading recipe upgrade_aquatic:river_ladder as it's serializer returned null
[28Jul2025 21:02:06.340] [main/INFO] [net.minecraft.world.item.crafting.RecipeManager/]: Skipping loading recipe upgrade_aquatic:kelpy_cobblestone_tile_wall as it's serializer returned null
[28Jul2025 21:02:06.348] [main/INFO] [net.minecraft.world.item.crafting.RecipeManager/]: Skipping loading recipe upgrade_aquatic:river_fence_from_river_planks_sawing as it's serializer returned null
[28Jul2025 21:02:06.351] [main/INFO] [net.minecraft.world.item.crafting.RecipeManager/]: Skipping loading recipe aether_redux:jellyshroom_hyphae_wall as it's serializer returned null
[28Jul2025 21:02:06.359] [main/INFO] [net.minecraft.world.item.crafting.RecipeManager/]: Skipping loading recipe upgrade_aquatic:driftwood_fence_from_driftwood_planks_sawing as it's serializer returned null
[28Jul2025 21:02:06.361] [main/INFO] [net.minecraft.world.item.crafting.RecipeManager/]: Skipping loading recipe aether_redux:stripped_fieldsproot_log_wall as it's serializer returned null
[28Jul2025 21:02:06.361] [main/INFO] [net.minecraft.world.item.crafting.RecipeManager/]: Skipping loading recipe upgrade_aquatic:driftwood_boards as it's serializer returned null
[28Jul2025 21:02:06.366] [main/INFO] [net.minecraft.world.item.crafting.RecipeManager/]: Skipping loading recipe aether_redux:crystal_wood_wall as it's serializer returned null
[28Jul2025 21:02:06.366] [main/INFO] [net.minecraft.world.item.crafting.RecipeManager/]: Skipping loading recipe aether_redux:stripped_crystal_log_wall as it's serializer returned null
[28Jul2025 21:02:06.368] [main/INFO] [net.minecraft.world.item.crafting.RecipeManager/]: Skipping loading recipe aether_redux:fieldsproot_log_wall as it's serializer returned null
[28Jul2025 21:02:06.373] [main/INFO] [net.minecraft.world.item.crafting.RecipeManager/]: Skipping loading recipe upgrade_aquatic:driftwood_sign_from_driftwood_logs_sawing as it's serializer returned null
[28Jul2025 21:02:06.374] [main/INFO] [Spartan Weaponry/]: Empty result tag:"forge:nuggets/invar" Skipping...
[28Jul2025 21:02:06.374] [main/INFO] [net.minecraft.world.item.crafting.RecipeManager/]: Skipping loading recipe spartanweaponry:invar_nugget_from_blasting_invar_weapons as it's serializer returned null
[28Jul2025 21:02:06.382] [main/INFO] [net.minecraft.world.item.crafting.RecipeManager/]: Skipping loading recipe upgrade_aquatic:driftwood_boards_from_driftwood_planks_sawing as it's serializer returned null
[28Jul2025 21:02:06.387] [main/INFO] [net.minecraft.world.item.crafting.RecipeManager/]: Skipping loading recipe upgrade_aquatic:kelpy_cobblestone_tile_stairs as it's serializer returned null
[28Jul2025 21:02:06.387] [main/INFO] [net.minecraft.world.item.crafting.RecipeManager/]: Skipping loading recipe upgrade_aquatic:kelpy_cobblestone_brick_wall_from_kelpy_cobblestone_bricks_stonecutting as it's serializer returned null
[28Jul2025 21:02:06.388] [main/INFO] [net.minecraft.world.item.crafting.RecipeManager/]: Skipping loading recipe upgrade_aquatic:kelpy_cobblestone_bricks_from_kelp as it's serializer returned null
[28Jul2025 21:02:06.389] [main/INFO] [net.minecraft.world.item.crafting.RecipeManager/]: Skipping loading recipe upgrade_aquatic:kelpy_cobblestone_tile_slab_from_kelpy_cobblestone_stonecutting as it's serializer returned null
[28Jul2025 21:02:06.392] [main/INFO] [net.minecraft.world.item.crafting.RecipeManager/]: Skipping loading recipe twilightforest:jeed/poison as it's serializer returned null
[28Jul2025 21:02:06.393] [main/INFO] [net.minecraft.world.item.crafting.RecipeManager/]: Skipping loading recipe upgrade_aquatic:kelpy_cobblestone_tile_stairs_from_kelpy_cobblestone_tiles_stonecutting as it's serializer returned null
[28Jul2025 21:02:06.394] [main/INFO] [Spartan Weaponry/]: Empty result tag:"forge:nuggets/aluminum" Skipping...
[28Jul2025 21:02:06.394] [main/INFO] [net.minecraft.world.item.crafting.RecipeManager/]: Skipping loading recipe spartanweaponry:aluminum_nugget_from_blasting_aluminum_weapons as it's serializer returned null
[28Jul2025 21:02:06.395] [main/INFO] [net.minecraft.world.item.crafting.RecipeManager/]: Skipping loading recipe upgrade_aquatic:kelpy_cobblestone_tile_wall_from_kelpy_cobblestone_tiles_stonecutting as it's serializer returned null
[28Jul2025 21:02:06.397] [main/ERROR] [net.minecraft.world.item.crafting.RecipeManager/]: Parsing error loading recipe dungeons_and_combat:light_upgrade_molten_bone_greatsword: com.google.gson.JsonSyntaxException: Unknown item 'dungeons_and_combat:deleted_mod_element'
[28Jul2025 21:02:06.398] [main/INFO] [net.minecraft.world.item.crafting.RecipeManager/]: Skipping loading recipe aether_redux:stripped_glacia_wood_wall as it's serializer returned null
[28Jul2025 21:02:06.403] [main/INFO] [net.minecraft.world.item.crafting.RecipeManager/]: Skipping loading recipe upgrade_aquatic:river_chest as it's serializer returned null
[28Jul2025 21:02:06.408] [main/INFO] [Spartan Weaponry/]: Empty result tag:"forge:nuggets/nickel" Skipping...
[28Jul2025 21:02:06.408] [main/INFO] [net.minecraft.world.item.crafting.RecipeManager/]: Skipping loading recipe spartanweaponry:nickel_nugget_from_smelting_nickel_weapons as it's serializer returned null
[28Jul2025 21:02:06.408] [main/INFO] [Spartan Weaponry/]: Empty result tag:"forge:nuggets/electrum" Skipping...
[28Jul2025 21:02:06.409] [main/INFO] [net.minecraft.world.item.crafting.RecipeManager/]: Skipping loading recipe spartanweaponry:electrum_nugget_from_smelting_electrum_weapons as it's serializer returned null
[28Jul2025 21:02:06.410] [main/INFO] [net.minecraft.world.item.crafting.RecipeManager/]: Skipping loading recipe upgrade_aquatic:driftwood_fence_gate_from_driftwood_logs_sawing as it's serializer returned null
[28Jul2025 21:02:06.415] [main/INFO] [net.minecraft.world.item.crafting.RecipeManager/]: Skipping loading recipe upgrade_aquatic:river_leaf_pile as it's serializer returned null
[28Jul2025 21:02:06.419] [main/INFO] [net.minecraft.world.item.crafting.RecipeManager/]: Skipping loading recipe upgrade_aquatic:river_pressure_plate_from_river_logs_sawing as it's serializer returned null
[28Jul2025 21:02:06.423] [main/ERROR] [net.minecraft.world.item.crafting.RecipeManager/]: Parsing error loading recipe mofus_better_end_:end_engine_recipe: com.google.gson.JsonSyntaxException: Unknown item 'mofus_better_end_:deleted_mod_element'
[28Jul2025 21:02:06.426] [main/INFO] [Spartan Weaponry/]: Empty result tag:"forge:nuggets/platinum" Skipping...
[28Jul2025 21:02:06.426] [main/INFO] [net.minecraft.world.item.crafting.RecipeManager/]: Skipping loading recipe spartanweaponry:platinum_nugget_from_blasting_platinum_weapons as it's serializer returned null
[28Jul2025 21:02:06.426] [main/INFO] [net.minecraft.world.item.crafting.RecipeManager/]: Skipping loading recipe upgrade_aquatic:river_leaves_from_leaf_piles as it's serializer returned null
[28Jul2025 21:02:06.426] [main/ERROR] [net.minecraft.world.item.crafting.RecipeManager/]: Parsing error loading recipe traveloptics:amethyst_bless/augment_bruteforce_blessed: com.google.gson.JsonSyntaxException: Unknown item 'traveloptics:augment_bruteforce_mythic'
[28Jul2025 21:02:06.428] [main/INFO] [net.minecraft.world.item.crafting.RecipeManager/]: Skipping loading recipe upgrade_aquatic:trapped_river_chest as it's serializer returned null
[28Jul2025 21:02:06.435] [main/INFO] [net.minecraft.world.item.crafting.RecipeManager/]: Skipping loading recipe enderio:rs_cable as it's serializer returned null
[28Jul2025 21:02:06.438] [main/INFO] [net.minecraft.world.item.crafting.RecipeManager/]: Skipping loading recipe upgrade_aquatic:kelpy_cobblestone_brick_wall_from_kelpy_cobblestone_stonecutting as it's serializer returned null
[28Jul2025 21:02:06.442] [main/INFO] [net.minecraft.world.item.crafting.RecipeManager/]: Skipping loading recipe upgrade_aquatic:river_ladder_from_river_logs_sawing as it's serializer returned null
[28Jul2025 21:02:06.443] [main/INFO] [net.minecraft.world.item.crafting.RecipeManager/]: Skipping loading recipe upgrade_aquatic:driftwood_chest as it's serializer returned null
[28Jul2025 21:02:06.447] [main/INFO] [net.minecraft.world.item.crafting.RecipeManager/]: Skipping loading recipe upgrade_aquatic:kelpy_cobblestone_tiles_from_kelp as it's serializer returned null
[28Jul2025 21:02:06.455] [main/INFO] [net.minecraft.world.item.crafting.RecipeManager/]: Skipping loading recipe upgrade_aquatic:kelpy_cobblestone_tile_slab_from_kelpy_cobblestone_bricks_stonecutting as it's serializer returned null
[28Jul2025 21:02:06.455] [main/INFO] [net.minecraft.world.item.crafting.RecipeManager/]: Skipping loading recipe upgrade_aquatic:driftwood_pressure_plate_from_driftwood_logs_sawing as it's serializer returned null
[28Jul2025 21:02:06.456] [main/INFO] [net.minecraft.world.item.crafting.RecipeManager/]: Skipping loading recipe upgrade_aquatic:river_trapdoor_from_river_logs_sawing as it's serializer returned null
[28Jul2025 21:02:06.458] [main/INFO] [net.minecraft.world.item.crafting.RecipeManager/]: Skipping loading recipe upgrade_aquatic:river_boards_from_river_logs_sawing as it's serializer returned null
[28Jul2025 21:02:06.460] [main/INFO] [net.minecraft.world.item.crafting.RecipeManager/]: Skipping loading recipe upgrade_aquatic:kelpy_cobblestone_brick_wall as it's serializer returned null
[28Jul2025 21:02:06.461] [main/INFO] [net.minecraft.world.item.crafting.RecipeManager/]: Skipping loading recipe upgrade_aquatic:driftwood_stairs_from_driftwood_planks_sawing as it's serializer returned null
[28Jul2025 21:02:06.462] [main/INFO] [net.minecraft.world.item.crafting.RecipeManager/]: Skipping loading recipe upgrade_aquatic:kelpy_cobblestone_brick_slab_from_kelpy_cobblestone_bricks_stonecutting as it's serializer returned null
[28Jul2025 21:02:06.464] [main/INFO] [net.minecraft.world.item.crafting.RecipeManager/]: Skipping loading recipe upgrade_aquatic:driftwood_button_from_driftwood_logs_sawing as it's serializer returned null
[28Jul2025 21:02:06.465] [main/INFO] [net.minecraft.world.item.crafting.RecipeManager/]: Skipping loading recipe aether_redux:stripped_crystal_wood_wall as it's serializer returned null
[28Jul2025 21:02:06.466] [main/INFO] [net.minecraft.world.item.crafting.RecipeManager/]: Skipping loading recipe twilightforest:jeed/regeneration as it's serializer returned null
[28Jul2025 21:02:06.467] [main/INFO] [net.minecraft.world.item.crafting.RecipeManager/]: Skipping loading recipe aether_redux:jellyshroom_stem_wall as it's serializer returned null
[28Jul2025 21:02:06.468] [main/INFO] [net.minecraft.world.item.crafting.RecipeManager/]: Skipping loading recipe aether_redux:glacia_log_wall as it's serializer returned null
[28Jul2025 21:02:06.470] [main/INFO] [net.minecraft.world.item.crafting.RecipeManager/]: Skipping loading recipe upgrade_aquatic:driftwood_door_from_driftwood_logs_sawing as it's serializer returned null
[28Jul2025 21:02:06.472] [main/INFO] [net.minecraft.world.item.crafting.RecipeManager/]: Skipping loading recipe upgrade_aquatic:driftwood_bookshelf as it's serializer returned null
[28Jul2025 21:02:06.473] [main/INFO] [net.minecraft.world.item.crafting.RecipeManager/]: Skipping loading recipe twilightforest:jeed/fire_resistance as it's serializer returned null
[28Jul2025 21:02:06.475] [main/INFO] [net.minecraft.world.item.crafting.RecipeManager/]: Skipping loading recipe upgrade_aquatic:river_button_from_river_planks_sawing as it's serializer returned null
[28Jul2025 21:02:06.475] [main/INFO] [net.minecraft.world.item.crafting.RecipeManager/]: Skipping loading recipe upgrade_aquatic:river_button_from_river_logs_sawing as it's serializer returned null
[28Jul2025 21:02:06.477] [main/INFO] [net.minecraft.world.item.crafting.RecipeManager/]: Skipping loading recipe upgrade_aquatic:river_boards as it's serializer returned null
[28Jul2025 21:02:06.478] [main/ERROR] [net.minecraft.world.item.crafting.RecipeManager/]: Parsing error loading recipe aether_treasure_reforging:valkyrie_upgrade_smithing_template: com.google.gson.JsonSyntaxException: Unknown item 'aether_treasure_reforging:valkyrie_upgrade_smithing_template'
[28Jul2025 21:02:06.492] [main/INFO] [net.minecraft.world.item.crafting.RecipeManager/]: Skipping loading recipe upgrade_aquatic:river_stairs_from_river_planks_sawing as it's serializer returned null
[28Jul2025 21:02:06.497] [main/ERROR] [net.minecraft.world.item.crafting.RecipeManager/]: Parsing error loading recipe traveloptics:augment_bruteforce_legendary: com.google.gson.JsonSyntaxException: Unknown item 'traveloptics:augment_bruteforce_epic'
[28Jul2025 21:02:06.499] [main/INFO] [net.minecraft.world.item.crafting.RecipeManager/]: Skipping loading recipe twilightforest:jeed/frosted as it's serializer returned null
[28Jul2025 21:02:06.511] [main/ERROR] [net.minecraft.world.item.crafting.RecipeManager/]: Parsing error loading recipe ancient_aether:ancient_rune: com.google.gson.JsonSyntaxException: Unknown item 'ancient_aether:ancient_rune'
[28Jul2025 21:02:06.512] [main/INFO] [Spartan Weaponry/]: Empty result tag:"forge:nuggets/constantan" Skipping...
[28Jul2025 21:02:06.512] [main/INFO] [net.minecraft.world.item.crafting.RecipeManager/]: Skipping loading recipe spartanweaponry:constantan_nugget_from_blasting_constantan_weapons as it's serializer returned null
[28Jul2025 21:02:06.519] [main/INFO] [net.minecraft.world.item.crafting.RecipeManager/]: Skipping loading recipe enderio:ae_covered_cable as it's serializer returned null
[28Jul2025 21:02:06.526] [main/INFO] [net.minecraft.world.item.crafting.RecipeManager/]: Skipping loading recipe upgrade_aquatic:chiseled_driftwood_bookshelf as it's serializer returned null
[28Jul2025 21:02:06.529] [main/INFO] [net.minecraft.world.item.crafting.RecipeManager/]: Skipping loading recipe upgrade_aquatic:kelpy_cobblestone_tiles_from_kelpy_cobblestone_stonecutting as it's serializer returned null
[28Jul2025 21:02:06.533] [main/ERROR] [net.minecraft.world.item.crafting.RecipeManager/]: Parsing error loading recipe aether_treasure_reforging:phoenix_upgrade_smithing_template: com.google.gson.JsonSyntaxException: Unknown item 'aether_treasure_reforging:phoenix_upgrade_smithing_template'
[28Jul2025 21:02:06.540] [main/ERROR] [net.minecraft.world.item.crafting.RecipeManager/]: Parsing error loading recipe unusualprehistory:trike_shield_smithing: com.google.gson.JsonSyntaxException: Invalid or unsupported recipe type 'minecraft:smithing'
[28Jul2025 21:02:06.542] [main/INFO] [net.minecraft.world.item.crafting.RecipeManager/]: Skipping loading recipe upgrade_aquatic:river_beehive as it's serializer returned null
[28Jul2025 21:02:06.548] [main/INFO] [net.minecraft.world.item.crafting.RecipeManager/]: Skipping loading recipe upgrade_aquatic:driftwood_button_from_driftwood_planks_sawing as it's serializer returned null
[28Jul2025 21:02:06.549] [main/INFO] [net.minecraft.world.item.crafting.RecipeManager/]: Skipping loading recipe twilightforest:jeed/blindness as it's serializer returned null
[28Jul2025 21:02:06.551] [main/ERROR] [net.minecraft.world.item.crafting.RecipeManager/]: Parsing error loading recipe dungeons_and_combat:light_upgrade_blazing_halberd: com.google.gson.JsonSyntaxException: Unknown item 'dungeons_and_combat:deleted_mod_element'
[28Jul2025 21:02:06.554] [main/INFO] [net.minecraft.world.item.crafting.RecipeManager/]: Skipping loading recipe upgrade_aquatic:kelpy_cobblestone_tile_wall_from_kelpy_cobblestone_bricks_stonecutting as it's serializer returned null
[28Jul2025 21:02:06.557] [main/INFO] [Spartan Weaponry/]: Empty result tag:"forge:nuggets/aluminum" Skipping...
[28Jul2025 21:02:06.557] [main/INFO] [net.minecraft.world.item.crafting.RecipeManager/]: Skipping loading recipe spartanweaponry:aluminum_nugget_from_smelting_aluminum_weapons as it's serializer returned null
[28Jul2025 21:02:06.559] [main/INFO] [net.minecraft.world.item.crafting.RecipeManager/]: Skipping loading recipe upgrade_aquatic:river_slab_from_river_planks_sawing as it's serializer returned null
[28Jul2025 21:02:06.561] [main/INFO] [net.minecraft.world.item.crafting.RecipeManager/]: Skipping loading recipe upgrade_aquatic:driftwood_ladder_from_driftwood_logs_sawing as it's serializer returned null
[28Jul2025 21:02:06.562] [main/INFO] [Spartan Weaponry/]: Empty result tag:"forge:nuggets/electrum" Skipping...
[28Jul2025 21:02:06.562] [main/INFO] [net.minecraft.world.item.crafting.RecipeManager/]: Skipping loading recipe spartanweaponry:electrum_nugget_from_blasting_electrum_weapons as it's serializer returned null
[28Jul2025 21:02:06.563] [main/INFO] [net.minecraft.world.item.crafting.RecipeManager/]: Skipping loading recipe upgrade_aquatic:kelpy_cobblestone_brick_slab as it's serializer returned null
[28Jul2025 21:02:06.563] [main/INFO] [Spartan Weaponry/]: Empty result tag:"forge:nuggets/platinum" Skipping...
[28Jul2025 21:02:06.563] [main/INFO] [net.minecraft.world.item.crafting.RecipeManager/]: Skipping loading recipe spartanweaponry:platinum_nugget_from_smelting_platinum_weapons as it's serializer returned null
[28Jul2025 21:02:06.564] [main/INFO] [net.minecraft.world.item.crafting.RecipeManager/]: Skipping loading recipe aether_redux:stripped_glacia_log_wall as it's serializer returned null
[28Jul2025 21:02:06.569] [main/INFO] [net.minecraft.world.item.crafting.RecipeManager/]: Skipping loading recipe upgrade_aquatic:kelpy_cobblestone_tile_stairs_from_kelpy_cobblestone_bricks_stonecutting as it's serializer returned null
[28Jul2025 21:02:06.569] [main/INFO] [net.minecraft.world.item.crafting.RecipeManager/]: Skipping loading recipe upgrade_aquatic:driftwood_ladder_from_driftwood_planks_sawing as it's serializer returned null
[28Jul2025 21:02:06.570] [main/INFO] [net.minecraft.world.item.crafting.RecipeManager/]: Skipping loading recipe upgrade_aquatic:driftwood_beehive as it's serializer returned null
[28Jul2025 21:02:06.574] [main/INFO] [net.minecraft.world.item.crafting.RecipeManager/]: Skipping loading recipe upgrade_aquatic:river_ladder_from_river_planks_sawing as it's serializer returned null
[28Jul2025 21:02:06.575] [main/INFO] [net.minecraft.world.item.crafting.RecipeManager/]: Skipping loading recipe upgrade_aquatic:river_sign_from_river_logs_sawing as it's serializer returned null
[28Jul2025 21:02:06.577] [main/INFO] [net.minecraft.world.item.crafting.RecipeManager/]: Skipping loading recipe upgrade_aquatic:kelpy_cobblestone_brick_stairs_from_kelpy_cobblestone_bricks_stonecutting as it's serializer returned null
[28Jul2025 21:02:06.579] [main/INFO] [net.minecraft.world.item.crafting.RecipeManager/]: Skipping loading recipe upgrade_aquatic:large_river_boat as it's serializer returned null
[28Jul2025 21:02:06.579] [main/INFO] [net.minecraft.world.item.crafting.RecipeManager/]: Skipping loading recipe upgrade_aquatic:river_fence_from_river_logs_sawing as it's serializer returned null
[28Jul2025 21:02:06.582] [main/INFO] [net.minecraft.world.item.crafting.RecipeManager/]: Skipping loading recipe upgrade_aquatic:driftwood_slab_from_driftwood_logs_sawing as it's serializer returned null
[28Jul2025 21:02:06.583] [main/INFO] [net.minecraft.world.item.crafting.RecipeManager/]: Skipping loading recipe eidolon:smelt_silver_dust as it's serializer returned null
[28Jul2025 21:02:06.588] [main/INFO] [net.minecraft.world.item.crafting.RecipeManager/]: Skipping loading recipe aether_redux:mouse_ear_soup as it's serializer returned null
[28Jul2025 21:02:06.589] [main/INFO] [net.minecraft.world.item.crafting.RecipeManager/]: Skipping loading recipe upgrade_aquatic:trapped_driftwood_chest as it's serializer returned null
[28Jul2025 21:02:06.590] [main/INFO] [net.minecraft.world.item.crafting.RecipeManager/]: Skipping loading recipe upgrade_aquatic:driftwood_fence_from_driftwood_logs_sawing as it's serializer returned null
[28Jul2025 21:02:06.592] [main/INFO] [net.minecraft.world.item.crafting.RecipeManager/]: Skipping loading recipe upgrade_aquatic:kelpy_cobblestone_tile_wall_from_kelpy_cobblestone_stonecutting as it's serializer returned null
[28Jul2025 21:02:06.593] [main/INFO] [net.minecraft.world.item.crafting.RecipeManager/]: Skipping loading recipe upgrade_aquatic:kelpy_cobblestone_bricks as it's serializer returned null
[28Jul2025 21:02:06.599] [main/INFO] [net.minecraft.world.item.crafting.RecipeManager/]: Skipping loading recipe twilightforest:jeed/resistance as it's serializer returned null
[28Jul2025 21:02:06.600] [main/INFO] [net.minecraft.world.item.crafting.RecipeManager/]: Skipping loading recipe upgrade_aquatic:driftwood_planks_from_driftwood_logs_sawing as it's serializer returned null
[28Jul2025 21:02:06.601] [main/INFO] [net.minecraft.world.item.crafting.RecipeManager/]: Skipping loading recipe upgrade_aquatic:river_bookshelf as it's serializer returned null
[28Jul2025 21:02:06.602] [main/INFO] [net.minecraft.world.item.crafting.RecipeManager/]: Skipping loading recipe aether_redux:stripped_fieldsproot_wood_wall as it's serializer returned null
[28Jul2025 21:02:06.605] [main/INFO] [net.minecraft.world.item.crafting.RecipeManager/]: Skipping loading recipe upgrade_aquatic:kelpy_cobblestone_tile_stairs_from_kelpy_cobblestone_stonecutting as it's serializer returned null
[28Jul2025 21:02:06.606] [main/INFO] [net.minecraft.world.item.crafting.RecipeManager/]: Skipping loading recipe upgrade_aquatic:driftwood_slab_from_driftwood_planks_sawing as it's serializer returned null
[28Jul2025 21:02:06.613] [main/ERROR] [net.minecraft.world.item.crafting.RecipeManager/]: Parsing error loading recipe traveloptics:augment_infusion/augment_bruteforce_wild: com.google.gson.JsonSyntaxException: Unknown item 'traveloptics:augment_bruteforce_legendary'
[28Jul2025 21:02:06.617] [main/INFO] [net.minecraft.world.item.crafting.RecipeManager/]: Skipping loading recipe upgrade_aquatic:kelpy_cobblestone_tile_slab as it's serializer returned null
[28Jul2025 21:02:06.621] [main/INFO] [net.minecraft.world.item.crafting.RecipeManager/]: Skipping loading recipe upgrade_aquatic:driftwood_ladder as it's serializer returned null
[28Jul2025 21:02:06.622] [main/INFO] [net.minecraft.world.item.crafting.RecipeManager/]: Skipping loading recipe aether_redux:fieldsproot_wood_wall as it's serializer returned null
[28Jul2025 21:02:06.622] [main/INFO] [net.minecraft.world.item.crafting.RecipeManager/]: Skipping loading recipe upgrade_aquatic:river_planks_from_river_logs_sawing as it's serializer returned null
[28Jul2025 21:02:06.624] [main/INFO] [Spartan Weaponry/]: Empty result tag:"forge:nuggets/nickel" Skipping...
[28Jul2025 21:02:06.624] [main/INFO] [net.minecraft.world.item.crafting.RecipeManager/]: Skipping loading recipe spartanweaponry:nickel_nugget_from_blasting_nickel_weapons as it's serializer returned null
[28Jul2025 21:02:06.625] [main/INFO] [net.minecraft.world.item.crafting.RecipeManager/]: Skipping loading recipe upgrade_aquatic:driftwood_trapdoor_from_driftwood_logs_sawing as it's serializer returned null
[28Jul2025 21:02:06.626] [main/INFO] [net.minecraft.world.item.crafting.RecipeManager/]: Skipping loading recipe upgrade_aquatic:kelpy_cobblestone_bricks_from_kelpy_cobblestone_stonecutting as it's serializer returned null
[28Jul2025 21:02:06.627] [main/INFO] [net.minecraft.world.item.crafting.RecipeManager/]: Skipping loading recipe aether_redux:redux_coarse_dirt as it's serializer returned null
[28Jul2025 21:02:06.629] [main/INFO] [net.minecraft.world.item.crafting.RecipeManager/]: Skipping loading recipe upgrade_aquatic:kelpy_cobblestone_brick_slab_from_kelpy_cobblestone_stonecutting as it's serializer returned null
[28Jul2025 21:02:06.630] [main/INFO] [net.minecraft.world.item.crafting.RecipeManager/]: Skipping loading recipe upgrade_aquatic:river_stairs_from_river_logs_sawing as it's serializer returned null
[28Jul2025 21:02:06.632] [main/INFO] [net.minecraft.world.item.crafting.RecipeManager/]: Skipping loading recipe upgrade_aquatic:river_fence_gate_from_river_logs_sawing as it's serializer returned null
[28Jul2025 21:02:06.632] [main/ERROR] [net.minecraft.world.item.crafting.RecipeManager/]: Parsing error loading recipe aether_treasure_reforging:neptune_upgrade_smithing_template: com.google.gson.JsonSyntaxException: Unknown item 'aether_treasure_reforging:neptune_upgrade_smithing_template'
[28Jul2025 21:02:06.633] [main/INFO] [net.minecraft.world.item.crafting.RecipeManager/]: Skipping loading recipe upgrade_aquatic:kelpy_cobblestone_brick_stairs as it's serializer returned null
[28Jul2025 21:02:06.635] [main/INFO] [net.minecraft.world.item.crafting.RecipeManager/]: Skipping loading recipe upgrade_aquatic:large_driftwood_boat as it's serializer returned null
[28Jul2025 21:02:06.635] [main/INFO] [net.minecraft.world.item.crafting.RecipeManager/]: Skipping loading recipe upgrade_aquatic:kelpy_cobblestone_tiles_from_kelpy_cobblestone_bricks_stonecutting as it's serializer returned null
[28Jul2025 21:02:06.636] [main/INFO] [net.minecraft.world.item.crafting.RecipeManager/]: Skipping loading recipe twilightforest:jeed/slowness as it's serializer returned null
[28Jul2025 21:02:06.640] [main/INFO] [net.minecraft.world.item.crafting.RecipeManager/]: Skipping loading recipe enderio:ae_glass_cable as it's serializer returned null
[28Jul2025 21:02:06.641] [main/INFO] [net.minecraft.world.item.crafting.RecipeManager/]: Skipping loading recipe aether_redux:enchant_purple_crystal_sapling as it's serializer returned null
[28Jul2025 21:02:06.642] [main/INFO] [net.minecraft.world.item.crafting.RecipeManager/]: Skipping loading recipe upgrade_aquatic:driftwood_stairs_from_driftwood_logs_sawing as it's serializer returned null
[28Jul2025 21:02:06.648] [main/INFO] [net.minecraft.world.item.crafting.RecipeManager/]: Loaded 76 recipes
[28Jul2025 21:02:06.661] [main/INFO] [com.teamabnormals.blueprint.core.Blueprint/]: Advancement Modification Manager has loaded 8 modifier groups
[28Jul2025 21:02:06.751] [main/ERROR] [net.minecraft.server.ServerAdvancementManager/]: Parsing error loading custom advancement aether_redux:recipes/genesis_dark_gummy_swet: Unknown item id 'aether_genesis:dark_swet_ball'
[28Jul2025 21:02:06.923] [main/ERROR] [net.minecraft.server.ServerAdvancementManager/]: Parsing error loading custom advancement minecraft:main/tame_barina: Failed to parse 'location' field
[28Jul2025 21:02:06.993] [main/INFO] [net.minecraft.advancements.AdvancementList/]: Loaded 7697 advancements
[28Jul2025 21:02:07.006] [main/INFO] [placebo/]: Registered 0 additional recipes.
[28Jul2025 21:02:07.010] [main/INFO] [twilightforest/]: Loaded 9 Stalactite configs!
[28Jul2025 21:02:07.014] [main/INFO] [top.theillusivec4.curios.Curios/]: Loaded 22 curio slots
[28Jul2025 21:02:07.017] [main/ERROR] [top.theillusivec4.curios.Curios/]: talisman is not a registered slot type!
[28Jul2025 21:02:07.018] [main/INFO] [top.theillusivec4.curios.Curios/]: Loaded 9 curio entities
[28Jul2025 21:02:07.030] [main/INFO] [com.teamabnormals.blueprint.core.Blueprint/]: Chunk Generator Modification Manager has loaded 0 modifier groups
[28Jul2025 21:02:07.044] [main/INFO] [superlord.prehistoricfauna.common.recipes.PaleontologyTableRecipeJsonManager/]: Data loader for prehistoricfauna/paleontology_table loaded 3 jsons
[28Jul2025 21:02:07.046] [main/INFO] [com.peeko32213.unusualprehistory.common.data.AnalyzerRecipeJsonManager/]: Data loader for unusualprehistory/analyzer loaded 14 jsons
[28Jul2025 21:02:07.047] [main/INFO] [com.peeko32213.unusualprehistory.common.data.LootFruitJsonManager/]: Data loader for unusualprehistory/trades loaded 4 jsons
[28Jul2025 21:02:07.064] [main/INFO] [com.peeko32213.unusualprehistory.common.data.EncyclopediaJsonManager/]: Data loader for unusualprehistory/encyclopedia loaded 47 jsons
[28Jul2025 21:02:07.064] [main/INFO] [enderio/]: Data loader for eio_soul/spawner loaded 73 jsons
[28Jul2025 21:02:07.065] [main/INFO] [enderio/]: Data loader for eio_soul/engine loaded 5 jsons
[28Jul2025 21:02:07.065] [main/INFO] [placebo/]: Registered 0 gear_sets.
[28Jul2025 21:02:07.122] [main/WARN] [net.minecraft.core.MappedRegistry/]: Not all defined tags for registry ResourceKey[minecraft:root / minecraft:worldgen/biome] are present in data pack: minecraft:is_plains
[28Jul2025 21:02:07.150] [main/INFO] [Spartan Weaponry/]: Finished initialising Weapon Traits & Attributes! Took 7.484487ms
[28Jul2025 21:02:07.153] [main/WARN] [ModernFix/]: Initial datapack load took 5.002 s
[28Jul2025 21:02:07.294] [Server thread/INFO] [net.minecraft.server.dedicated.DedicatedServer/]: Starting minecraft server version 1.20.1
[28Jul2025 21:02:07.295] [Server thread/INFO] [net.minecraft.server.dedicated.DedicatedServer/]: Loading properties
[28Jul2025 21:02:07.296] [Server thread/INFO] [net.minecraft.server.dedicated.DedicatedServer/]: Default game type: SURVIVAL
[28Jul2025 21:02:07.296] [Server thread/INFO] [net.minecraft.server.MinecraftServer/]: Generating keypair
[28Jul2025 21:02:07.455] [Server thread/INFO] [net.minecraft.server.dedicated.DedicatedServer/]: Starting Minecraft server on *:25565
[28Jul2025 21:02:07.479] [Server thread/INFO] [net.minecraft.server.network.ServerConnectionListener/]: Using epoll channel type
[28Jul2025 21:02:07.554] [Server thread/WARN] [net.minecraft.server.dedicated.DedicatedServer/]: **** SERVER IS RUNNING IN OFFLINE/INSECURE MODE!
[28Jul2025 21:02:07.554] [Server thread/WARN] [net.minecraft.server.dedicated.DedicatedServer/]: The server will make no attempt to authenticate usernames. Beware.
[28Jul2025 21:02:07.554] [Server thread/WARN] [net.minecraft.server.dedicated.DedicatedServer/]: While this makes the game possible to play without internet access, it also opens up the ability for hackers to connect with any username they choose.
[28Jul2025 21:02:07.554] [Server thread/WARN] [net.minecraft.server.dedicated.DedicatedServer/]: To change this, set "online-mode" to "true" in the server.properties file.
[28Jul2025 21:02:07.641] [Server thread/WARN] [net.zepalesque.redux.Redux/]: Found already existing holder incendium:ash_barrens from tag forge:is_sparse! Replacing value anyway! Old value was 15663072, new is 16774563
[28Jul2025 21:02:07.642] [Server thread/WARN] [net.zepalesque.redux.Redux/]: Found already existing holder incendium:quartz_flats from tag forge:is_sparse! Replacing value anyway! Old value was 15663072, new is 16774563
[28Jul2025 21:02:07.642] [Server thread/WARN] [net.zepalesque.redux.Redux/]: Found already existing holder incendium:weeping_valley from tag forge:is_sparse! Replacing value anyway! Old value was 15663072, new is 16774563
[28Jul2025 21:02:07.642] [Server thread/WARN] [net.zepalesque.redux.Redux/]: Found already existing holder minecraft:savanna_plateau from tag forge:is_plateau! Replacing value anyway! Old value was 16774563, new is 16772502
[28Jul2025 21:02:07.642] [Server thread/WARN] [net.zepalesque.redux.Redux/]: Found already existing holder minecraft:wooded_badlands from tag forge:is_plateau! Replacing value anyway! Old value was 16774563, new is 16772502
[28Jul2025 21:02:07.643] [Server thread/WARN] [net.zepalesque.redux.Redux/]: Found already existing holder minecraft:snowy_slopes from tag forge:is_cold! Replacing value anyway! Old value was 16774563, new is 13432831
[28Jul2025 21:02:07.643] [Server thread/WARN] [net.zepalesque.redux.Redux/]: Found already existing holder minecraft:jagged_peaks from tag forge:is_cold! Replacing value anyway! Old value was 16774563, new is 13432831
[28Jul2025 21:02:07.643] [Server thread/WARN] [net.zepalesque.redux.Redux/]: Found already existing holder minecraft:frozen_peaks from tag forge:is_cold! Replacing value anyway! Old value was 16774563, new is 13432831
[28Jul2025 21:02:07.643] [Server thread/WARN] [net.zepalesque.redux.Redux/]: Found already existing holder minecraft:the_end from tag forge:is_cold! Replacing value anyway! Old value was 14007039, new is 13432831
[28Jul2025 21:02:07.643] [Server thread/WARN] [net.zepalesque.redux.Redux/]: Found already existing holder minecraft:small_end_islands from tag forge:is_cold! Replacing value anyway! Old value was 14007039, new is 13432831
[28Jul2025 21:02:07.643] [Server thread/WARN] [net.zepalesque.redux.Redux/]: Found already existing holder minecraft:end_midlands from tag forge:is_cold! Replacing value anyway! Old value was 14007039, new is 13432831
[28Jul2025 21:02:07.643] [Server thread/WARN] [net.zepalesque.redux.Redux/]: Found already existing holder minecraft:end_highlands from tag forge:is_cold! Replacing value anyway! Old value was 14007039, new is 13432831
[28Jul2025 21:02:07.644] [Server thread/WARN] [net.zepalesque.redux.Redux/]: Found already existing holder minecraft:end_barrens from tag forge:is_cold! Replacing value anyway! Old value was 14007039, new is 13432831
[28Jul2025 21:02:07.898] [Server thread/INFO] [portb.configlib.ConfigLib/]: Could not find config, falling back to default legacy ruleset
[28Jul2025 21:02:07.899] [Config file watcher thread/INFO] [portb.configlib.ConfigLib/]: Starting config file watcher
[28Jul2025 21:02:07.901] [Server thread/INFO] [Framework/]: Loading server configs...
[28Jul2025 21:02:08.078] [Server thread/INFO] [terrablender/]: Initialized TerraBlender biomes for level stem minecraft:overworld
[28Jul2025 21:02:08.080] [Server thread/INFO] [terrablender/]: Initialized TerraBlender biomes for level stem aether:the_aether
[28Jul2025 21:02:08.080] [Server thread/INFO] [terrablender/]: Initialized TerraBlender biomes for level stem minecraft:the_nether
[28Jul2025 21:02:08.080] [Server thread/INFO] [net.minecraft.server.dedicated.DedicatedServer/]: Preparing level "world"
[28Jul2025 21:02:08.963] [Server thread/INFO] [com.cupboard.Cupboard/]: Loaded config for: limitedchunks.json
[28Jul2025 21:02:09.732] [Server thread/WARN] [net.minecraft.network.syncher.SynchedEntityData/]: defineId called for: class net.minecraft.world.entity.item.FallingBlockEntity from class com.peeko32213.unusualprehistory.common.entity.msc.projectile.ThrowableFallingBlockEntity
[28Jul2025 21:02:09.793] [Server thread/INFO] [net.minecraft.server.MinecraftServer/]: Preparing start region for dimension minecraft:overworld
[28Jul2025 21:02:11.512] [Server thread/INFO] [net.minecraft.server.level.progress.LoggerChunkProgressListener/]: Preparing spawn area: 0%
[28Jul2025 21:02:11.547] [Server thread/INFO] [net.minecraft.server.level.progress.LoggerChunkProgressListener/]: Preparing spawn area: 0%
[28Jul2025 21:02:11.564] [Server thread/INFO] [net.minecraft.server.level.progress.LoggerChunkProgressListener/]: Preparing spawn area: 0%
[28Jul2025 21:02:11.565] [Server thread/INFO] [net.minecraft.server.level.progress.LoggerChunkProgressListener/]: Preparing spawn area: 0%
[28Jul2025 21:02:11.795] [Server thread/INFO] [net.minecraft.server.level.progress.LoggerChunkProgressListener/]: Preparing spawn area: 0%
[28Jul2025 21:02:12.305] [Server thread/INFO] [net.minecraft.server.level.progress.LoggerChunkProgressListener/]: Time elapsed: 2511 ms
[28Jul2025 21:02:12.305] [Server thread/INFO] [net.minecraft.server.dedicated.DedicatedServer/]: Done (4.742s)! For help, type "help"
[28Jul2025 21:02:12.391] [Server thread/INFO] [net.minecraftforge.server.permission.PermissionAPI/]: Successfully initialized permission handler forge:default_handler
[28Jul2025 21:02:12.395] [Server thread/INFO] [com.cupboard.Cupboard/]: Loaded config for: smoothchunk.json
[28Jul2025 21:02:12.395] [Server thread/INFO] [com.cupboard.Cupboard/]: Loaded config for: farsight.json
[28Jul2025 21:02:12.400] [Server thread/INFO] [com.github.alexthe666.iceandfire.IceAndFire/]: {iceandfire:fire_dragon_roost=true, iceandfire:fire_lily=true, iceandfire:spawn_dragon_skeleton_fire=true, iceandfire:lightning_dragon_roost=true, iceandfire:spawn_dragon_skeleton_lightning=true, iceandfire:ice_dragon_roost=true, iceandfire:ice_dragon_cave=true, iceandfire:lightning_dragon_cave=true, iceandfire:cyclops_cave=true, iceandfire:spawn_wandering_cyclops=true, iceandfire:spawn_sea_serpent=true, iceandfire:frost_lily=true, iceandfire:hydra_cave=true, iceandfire:lightning_lily=true, iceandfire:pixie_village=true, iceandfire:myrmex_hive_jungle=true, iceandfire:myrmex_hive_desert=true, iceandfire:silver_ore=true, iceandfire:siren_island=true, iceandfire:spawn_dragon_skeleton_ice=true, iceandfire:spawn_stymphalian_bird=true, iceandfire:fire_dragon_cave=true, iceandfire:sapphire_ore=true, iceandfire:spawn_hippocampus=true, iceandfire:spawn_death_worm=true}
[28Jul2025 21:02:12.401] [Server thread/INFO] [com.github.alexthe666.iceandfire.IceAndFire/]: {TROLL_S=true, HIPPOGRYPH=true, AMPHITHERE=true, COCKATRICE=true, TROLL_M=true, DREAD_LICH=true, TROLL_F=true}
[28Jul2025 21:02:12.409] [Server thread/INFO] [superlord.prehistoricfauna.common.recipes.PaleontologyTableRecipeJsonManager/]: Registered 3 jsons with items!
[28Jul2025 21:02:12.683] [Server thread/INFO] [net.bettercombat.logic.WeaponRegistry/]: Encoded Weapon Attribute registry size (with package overhead): 759224 bytes (in 76 string chunks with the size of 10000)
[28Jul2025 21:02:12.684] [Server thread/INFO] [com.peeko32213.unusualprehistory.common.data.AnalyzerRecipeJsonManager/]: Registered 17 jsons with items!
[28Jul2025 21:02:12.685] [Server thread/WARN] [ModernFix/]: Dedicated server took 46.864 seconds to load
[28Jul2025 21:02:40.761] [Server thread/WARN] [net.minecraft.network.syncher.SynchedEntityData/]: defineId called for: class net.minecraft.world.entity.player.Player from class tschipp.carryon.common.carry.CarryOnDataManager
[28Jul2025 21:02:40.890] [Server thread/INFO] [net.minecraft.server.players.PlayerList/]: SUPATA123[/127.255.2.127:52289] logged in with entity id 2002 at (54.20718218738601, 64.0, -5697.912979948939)
[28Jul2025 21:02:41.040] [Server thread/INFO] [ModernFix/]: Using enhanced recipe sync for player SUPATA123
[28Jul2025 21:02:41.055] [Server thread/INFO] [net.minecraft.server.MinecraftServer/]: SUPATA123 joined the game
[28Jul2025 21:02:41.356] [Server thread/INFO] [Jade/]: Syncing config to SUPATA123 (c6f4881a-77fc-39d6-97d2-f52a5c96de2c)
[28Jul2025 21:02:43.686] [Server thread/WARN] [net.minecraft.server.MinecraftServer/]: Can't keep up! Is the server overloaded? Running 2049ms or 40 ticks behind
[28Jul2025 21:07:14.775] [Server thread/INFO] [STDOUT/]: [teamrazor.aeroblender.Aeroblender:getAetherNamespacedRules:55]: com.google.common.collect.ImmutableMap$Builder@5dd80c7d
